-- phpMyAdmin SQL Dump
-- version 4.9.1
-- https://www.phpmyadmin.net/
--
-- Servidor: 127.0.0.1
-- Tiempo de generación: 10-02-2021 a las 00:07:39
-- Versión del servidor: 10.4.8-MariaDB
-- Versión de PHP: 7.3.11

SET SQL_MODE = "NO_AUTO_VALUE_ON_ZERO";
SET AUTOCOMMIT = 0;
START TRANSACTION;
SET time_zone = "+00:00";


/*!40101 SET @OLD_CHARACTER_SET_CLIENT=@@CHARACTER_SET_CLIENT */;
/*!40101 SET @OLD_CHARACTER_SET_RESULTS=@@CHARACTER_SET_RESULTS */;
/*!40101 SET @OLD_COLLATION_CONNECTION=@@COLLATION_CONNECTION */;
/*!40101 SET NAMES utf8mb4 */;

--
-- Base de datos: `mamdb`
--

-- --------------------------------------------------------

--
-- Estructura de tabla para la tabla `budgets`
--

CREATE TABLE `budgets` (
  `idBudget` int(11) NOT NULL,
  `clientId` int(11) DEFAULT NULL,
  `vendorId` varchar(100) DEFAULT NULL,
  `storeId` int(11) DEFAULT NULL,
  `total` bigint(20) NOT NULL,
  `date` datetime DEFAULT NULL,
  `state` int(11) DEFAULT NULL,
  `hasIva` tinyint(4) DEFAULT NULL,
  `iva` decimal(10,0) DEFAULT NULL,
  `comments` text NOT NULL,
  `updated_at` datetime DEFAULT NULL,
  `created_at` datetime DEFAULT NULL,
  `deleted_at` datetime DEFAULT NULL,
  `deleted` tinyint(4) DEFAULT 0
) ENGINE=InnoDB DEFAULT CHARSET=utf8;

--
-- Volcado de datos para la tabla `budgets`
--

INSERT INTO `budgets` (`idBudget`, `clientId`, `vendorId`, `storeId`, `total`, `date`, `state`, `hasIva`, `iva`, `comments`, `updated_at`, `created_at`, `deleted_at`, `deleted`) VALUES
(1, 540, '10', 1, 152500, '2021-01-16 17:45:21', 1, 0, '8', '', '2021-01-17 13:23:09', '2021-01-16 17:45:21', NULL, 0),
(2, 158, '1', 1, 2590000, '2021-01-16 17:48:36', 0, 1, '8', 'ooeee sisas', '2021-01-30 10:58:05', '2021-01-16 17:48:36', NULL, 0),
(3, 1, '1017163645', 1, 1850000, '2021-01-16 17:51:55', 1, 1, '8', '', '2021-01-17 13:42:11', '2021-01-16 17:51:55', NULL, 0),
(4, 11, '1020395413', 1, 709500, '2021-01-16 21:56:53', 0, 0, '8', '', '2021-02-05 12:10:06', '2021-01-16 21:56:53', NULL, 0),
(5, 158, '1', 1, 110000, '2021-01-24 18:23:02', 1, 0, '8', '', '2021-01-24 18:24:52', '2021-01-24 18:23:02', NULL, 0),
(6, 224, '996632554', 1, 8500, '2021-01-26 18:04:12', 1, 0, '8', '', '2021-01-26 18:21:12', '2021-01-26 18:04:12', NULL, 0),
(7, 6, '1017163645', 1, 13500, '2021-01-29 10:14:22', 1, 0, '8', '', '2021-01-30 12:36:12', '2021-01-29 10:14:22', NULL, 0),
(8, 564, '10', 1, 8500, '2021-01-29 21:07:29', 0, 0, '8', '', '2021-01-30 13:49:30', '2021-01-29 21:07:29', NULL, 0),
(9, 6, '1017163645', 1, 50000, '2021-01-30 12:05:23', 1, 0, '8', '', '2021-01-30 12:05:46', '2021-01-30 12:05:23', NULL, 0),
(10, 11, '2', 1, 80000, '2021-02-04 14:11:11', 0, 0, '8', '', '2021-02-04 14:11:11', '2021-02-04 14:11:11', NULL, 0);

-- --------------------------------------------------------

--
-- Estructura de tabla para la tabla `budget_detail`
--

CREATE TABLE `budget_detail` (
  `budgetId` int(11) DEFAULT NULL,
  `productId` varchar(50) DEFAULT NULL,
  `quantity` int(11) DEFAULT NULL,
  `unit` int(11) DEFAULT NULL,
  `base` int(11) NOT NULL,
  `total` bigint(20) DEFAULT NULL
) ENGINE=InnoDB DEFAULT CHARSET=utf8;

--
-- Volcado de datos para la tabla `budget_detail`
--

INSERT INTO `budget_detail` (`budgetId`, `productId`, `quantity`, `unit`, `base`, `total`) VALUES
(1, 'H4CAMALEON', 2, 55000, 45000, 110000),
(1, 'AIR-BM', 5, 8500, 7500, 42500),
(3, '1.8-CPR', 100, 10000, 9000, 1000000),
(3, 'AIR-BM', 100, 8500, 7500, 850000),
(5, 'AIR-FR', 10, 8500, 7500, 85000),
(5, 'PULPO', 1, 5000, 3500, 5000),
(5, '31MM', 5, 4000, 3200, 20000),
(2, 'PULPO', 10, 7000, 3500, 70000),
(2, 'AIR-BM', 240, 10500, 7500, 2520000),
(6, 'AIR-BM', 1, 8500, 7500, 8500),
(7, 'AIR-BM', 1, 8500, 7500, 8500),
(7, 'PULPO', 1, 5000, 3500, 5000),
(9, 'PULPO', 10, 5000, 3500, 50000),
(8, 'AIR-BM', 1, 8500, 7500, 8500),
(10, 'AV-1', 10, 3000, 2000, 30000),
(10, 'PULPO', 10, 5000, 3500, 50000),
(4, 'H-MARCA', 5, 4000, 3000, 20000),
(4, 'JR-75B-45W-Y', 10, 60000, 50000, 600000),
(4, 'LIBRE-Y', 1, 8000, 4500, 8000),
(4, 'H4CAMALEON', 1, 55000, 45000, 55000),
(4, 'AV-1', 1, 3000, 2000, 3000),
(4, 'AIR-BM', 1, 8500, 7500, 8500),
(4, '1.8-CPR', 1, 10000, 9000, 10000),
(4, 'PULPO', 1, 5000, 3500, 5000);

-- --------------------------------------------------------

--
-- Estructura de tabla para la tabla `clients`
--

CREATE TABLE `clients` (
  `idClient` int(11) NOT NULL,
  `idNum` varchar(100) DEFAULT NULL,
  `name` varchar(255) DEFAULT NULL,
  `phone` varchar(45) DEFAULT NULL,
  `cellphone` varchar(45) DEFAULT NULL,
  `address` varchar(255) DEFAULT NULL,
  `email` varchar(150) DEFAULT NULL,
  `vendor` varchar(100) DEFAULT NULL,
  `rate` int(11) DEFAULT 1,
  `updated_at` datetime DEFAULT NULL,
  `created_at` datetime DEFAULT NULL,
  `deleted_at` datetime DEFAULT NULL,
  `deleted` tinyint(1) DEFAULT 0
) ENGINE=InnoDB DEFAULT CHARSET=utf8;

--
-- Volcado de datos para la tabla `clients`
--

INSERT INTO `clients` (`idClient`, `idNum`, `name`, `phone`, `cellphone`, `address`, `email`, `vendor`, `rate`, `updated_at`, `created_at`, `deleted_at`, `deleted`) VALUES
(1, '9568545', 'Lujos Antaños', '5246822', '', 'Casita Bonitas', 'lujos@mail.com', '1017163645', 1, '2021-01-03 20:47:59', '2021-01-03 20:33:08', '2021-01-03 20:34:30', 0),
(2, '', 'JAVIER CARABOBO', '', '', 'CARABOBO', '', '00000', 1, '2021-01-04 19:15:11', '2021-01-04 19:15:11', NULL, 0),
(3, '', 'TIENDA DEL MOTOCICLISTA', '', '', 'LA BAYADERA', '', '00000', 1, '2021-01-04 19:15:12', '2021-01-04 19:15:12', NULL, 0),
(4, '', 'JULIAN ALZATE', '', '', 'BOGOTA', '', '00000', 1, '2021-01-04 19:15:12', '2021-01-04 19:15:12', NULL, 0),
(5, '', 'SEIKO LED', '', '', 'BELLO', '', '00000', 1, '2021-01-04 19:15:13', '2021-01-04 19:15:13', NULL, 0),
(6, '', 'ARISTIMOTOS Y LOPEZ SANTAMARIA', 'LISANDRO AGUDELO', '3146107800', 'CRR 52 #67-25 ITAGUI CERCA PARQUE DE LA FAMILIA', '', '00000', 1, '2021-01-04 19:15:13', '2021-01-04 19:15:13', NULL, 0),
(7, '', 'MOTO RACER', '275 53 33', '', 'CRA 52 CERCA PARQUE DE LA FAMILIA ITAGUI', '', '00000', 1, '2021-01-04 19:15:14', '2021-01-04 19:15:14', NULL, 0),
(8, '', 'SERVICENTRO MULTIMOTOS', '2550302', '', 'CRA 52 #14SUR 112 GUAYABAL MEDELLIN', 'ADMINISTRACION@SERVIMULTIMOTOS.COM.CO', '00000', 1, '2021-01-04 19:15:14', '2021-01-04 19:15:14', NULL, 0),
(9, '', 'CABECERAS', '', '', 'LA CEJA', '', '00000', 1, '2021-01-04 19:15:14', '2021-01-04 19:15:14', NULL, 0),
(10, '', 'LA TIENDA DEL GALLO', '', '', 'LA BOMBA DEL GALLO MEDELLIN', '', '00000', 1, '2021-01-04 19:15:15', '2021-01-04 19:15:15', NULL, 0),
(11, '', 'TRUCK LUJOS ZIPA', '', '', 'ZIPAQUIRA', '', '00000', 1, '2021-01-04 19:15:15', '2021-01-04 19:15:15', NULL, 0),
(12, '', 'TRAN EJES SAS', '', '', 'FRONTERA ITAGUI MEDELLIN', '', '00000', 1, '2021-01-04 19:15:15', '2021-01-04 19:15:15', NULL, 0),
(13, '', 'ROLER MOTOS', '', '', 'CRA. 74 #106A-11, FLORENCIA', '', '00000', 1, '2021-01-04 19:15:15', '2021-01-04 19:15:15', NULL, 0),
(14, '', 'ULTRA SONIDOS Y POLARIZADOS', '6129774', '', 'CLLE 49 #45-79 BELLO', '', '00000', 1, '2021-01-04 19:15:15', '2021-01-04 19:15:15', NULL, 0),
(15, '', 'DON ARMANDO', '', '', 'IPIALES', '', '00000', 1, '2021-01-04 19:15:15', '2021-01-04 19:15:15', NULL, 0),
(16, '', 'SIRA', '', '', 'KRA 14 #2C-8 TRONCAL BONGA AUTOLAVADO YAKICHANG. SAHAGUN CORDOBA', '', '00000', 1, '2021-01-04 19:15:16', '2021-01-04 19:15:16', NULL, 0),
(17, '', 'LUJOS NEW YORK', '', '', 'GUARNE', '', '00000', 1, '2021-01-04 19:15:16', '2021-01-04 19:15:16', NULL, 0),
(18, '', 'YOVANNY MARINILLA', '', '', 'MARINILLA', '', '00000', 1, '2021-01-04 19:15:16', '2021-01-04 19:15:16', NULL, 0),
(19, '', 'MUNDO LOCO', '', '', 'RIONEGRO', '', '00000', 1, '2021-01-04 19:15:16', '2021-01-04 19:15:16', NULL, 0),
(20, '', 'LA TIENDA DEL BUS', '', '', 'TERMINAL DEL NORTE MEDELLIN', '', '00000', 1, '2021-01-04 19:15:16', '2021-01-04 19:15:16', NULL, 0),
(21, '', 'ELECTRILUJOS RB LA 38', '', '', 'CRA 38 #44-43 BARRANQUILLA. ATLANTICO', '', '00000', 1, '2021-01-04 19:15:16', '2021-01-04 19:15:16', NULL, 0),
(22, '', 'LUBRICANTES LA 53', '', '', 'CRA 53 #33-25 BARRIO OBRERO', '', '00000', 1, '2021-01-04 19:15:16', '2021-01-04 19:15:16', NULL, 0),
(23, '', 'FIBRAS SUPERMAN', '', '', 'DOÑA GLORIA', '', '00000', 1, '2021-01-04 19:15:16', '2021-01-04 19:15:16', NULL, 0),
(24, '900948601-0', 'RELOMAR SAS', '366 4090', '', 'CLL 71 # 50A - 75 MEDELLIN', '', '00000', 1, '2021-01-04 19:15:16', '2021-01-04 19:15:16', NULL, 0),
(25, '', 'CACHARRERIA ELIBRAHTTY', '', '', 'CERCA BOMBA DEL GALLO', '', '00000', 1, '2021-01-04 19:15:17', '2021-01-04 19:15:17', NULL, 0),
(26, '', 'MARVIN VELAZCO', '', '3113034868', 'BOGOTA', '', '00000', 1, '2021-01-04 19:15:17', '2021-01-04 19:15:17', NULL, 0),
(27, '', 'DANY-ANA MOTOS', '270 7302', '', 'CRA. 42 #33B SUR 04 - ENVIGADO', '', '00000', 1, '2021-01-04 19:15:17', '2021-01-04 19:15:17', NULL, 0),
(28, '', 'ALDANA GARCIA', '', '', 'LA BAYADERA', '', '00000', 1, '2021-01-04 19:15:17', '2021-01-04 19:15:17', NULL, 0),
(29, '901386568-6', 'JC AUTOPARTES SAS', '401 9360', '', 'CLL 65 # 52 - 57 MEDELLIN - ANTIOQUIA', '', '00000', 1, '2021-01-04 19:15:17', '2021-01-04 19:15:17', NULL, 0),
(30, '', 'WILLIAM URIBE OSPINO', '', '', 'MAMONAL KM 6 ESTACION DE SERVICIO  LAS AMERICAS LOCAL 108 B. CARTAGENA', '', '00000', 1, '2021-01-04 19:15:17', '2021-01-04 19:15:17', NULL, 0),
(31, '', 'HELMETS HOUSE', '4572953', '', 'CRA 50 #44-99 BARRIO PUERTO BELLO. BELLO-ANTIOQUIA', '', '00000', 1, '2021-01-04 19:15:17', '2021-01-04 19:15:17', NULL, 0),
(32, '901247755-1', 'EQUIPSEGPLUS MONTERIA SAS', '', '', 'CRA 4 #42-26 BARRIO LOS LAURELES. CORDOBA. MONTERIA', '', '00000', 1, '2021-01-04 19:15:17', '2021-01-04 19:15:17', NULL, 0),
(33, '901044357-1', 'LUJOS Y ACCESORIOS BELALCAZAR SAS', '', '', 'CR 9  # 15 - 35 LOCAL 105', '', '00000', 1, '2021-01-04 19:15:17', '2021-01-04 19:15:17', NULL, 0),
(34, '', 'PUNTO LUJOS', '', '', 'KM 6 VARIANTE MAMONAL GAMBOTE, DIAGONAL A HOTEL LAS OLAS', '', '00000', 1, '2021-01-04 19:15:17', '2021-01-04 19:15:17', NULL, 0),
(35, '890912097-7', 'GALLO EFE SAS', '212 9267', '311 640 9917', 'CALLE 65 # 52 - 47, MEDELLIN', '', '00000', 1, '2021-01-04 19:15:18', '2021-01-04 19:15:18', NULL, 0),
(36, '900483028', 'SERVILLANTAS LA 57 SAS', '', '', 'CLL 60 #55-22 MEDELLIN', '', '00000', 1, '2021-01-04 19:15:18', '2021-01-04 19:15:18', NULL, 0),
(37, '', 'JUAN DAVID TALLER JDS MOTO', '', '3176396553', 'BARRIO NUEVO', '', '00000', 1, '2021-01-04 19:15:18', '2021-01-04 19:15:18', NULL, 0),
(38, '', 'DANILO FLORENCIA', '', '', 'FLORENCIA', 'HELMETSHOUSE@GMAIL.COM', '00000', 1, '2021-01-04 19:15:18', '2021-01-04 19:15:18', NULL, 0),
(39, '', 'SPA AUTOS Y LUBRICANTES LA 58D', '', '', 'LA TORRE BARRIO NUEVO', 'EQUIPSEGPLUS@OUTLOOK.COM', '00000', 1, '2021-01-04 19:15:18', '2021-01-04 19:15:18', NULL, 0),
(40, '', 'AUTOLUJOS PIONEER', '', '', 'CAUCASIA', '', '00000', 1, '2021-01-04 19:15:18', '2021-01-04 19:15:18', NULL, 0),
(41, '', 'SONIDO LUJOS POLARIZADOS SLP', '', '313 522 7072', 'BARRIO BELEN CALLE 49 #51A-98 SAN PEDRO DE LOS MILAGROS', 'LUJOSBELALCAZAR@HOTMAIL.COM', '00000', 1, '2021-01-04 19:15:18', '2021-01-04 19:15:18', NULL, 0),
(42, '55300017-5', 'MAGIC CAR BOUTIQUE', '3513739', '', 'CRA 38 #44-43 BARRANQUILLA', '', '00000', 1, '2021-01-04 19:15:18', '2021-01-04 19:15:18', NULL, 0),
(43, '', 'DISTRILUJOS VILORIA', '', '', 'VALLEDUPAR', '', '00000', 1, '2021-01-04 19:15:18', '2021-01-04 19:15:18', NULL, 0),
(44, '', 'LUJOS MARINILLA', '', '', 'MARINILLA', '', '00000', 1, '2021-01-04 19:15:19', '2021-01-04 19:15:19', NULL, 0),
(45, '', 'MOTORIENTE', '5691565', '', 'CALLE 22 #44-102 AUTOPISTA MEDELLIN-BOGOTA AL FRENTE DEL BARRIO LA CIUDADELA MARINILLA', '', '00000', 1, '2021-01-04 19:15:19', '2021-01-04 19:15:19', NULL, 0),
(46, '', 'MULTISERVICIO EDS CIUDADELA', '3206924152', '312 269 5509', 'CLL. 22 #51-53 AUTOPISTA MEDELLIN BOGOTA. MARINILLA', '', '00000', 1, '2021-01-04 19:15:19', '2021-01-04 19:15:19', NULL, 0),
(47, '', 'AMIGO REPUESTOS', '', '', 'PLANETA RICA', '', '00000', 1, '2021-01-04 19:15:19', '2021-01-04 19:15:19', NULL, 0),
(48, '', 'TALLER SU DESVARE', '643 7789', '', 'TRANSVERSAL 54 # 95 - 38  DESPUES DE LA BOMBA TERPEL DE LA TERMINAL', '', '00000', 1, '2021-01-04 19:15:19', '2021-01-04 19:15:19', NULL, 0),
(49, '', 'LUJOS LA 45', '', '', 'CALDAS ANTIOQUIA', '', '00000', 1, '2021-01-04 19:15:19', '2021-01-04 19:15:19', NULL, 0),
(50, '91245248-2', 'WILSON BARBOSA URDUZ', '609 0006', '', 'CLL 104i # 6 A - 09 BRR EL PORVENIR - BUCARAMANGA', '', '00000', 1, '2021-01-04 19:15:19', '2021-01-04 19:15:19', NULL, 0),
(51, '', 'AUTO CARS', '', '', 'CRA 7A #19C-50 VALLEDUPAR', '', '00000', 1, '2021-01-04 19:15:20', '2021-01-04 19:15:20', NULL, 0),
(52, '', 'CARLOS MARIO RESTREPO', '', '3136489536', 'CRA 83 #15-32 BELEN - LA NUBIA', '', '00000', 1, '2021-01-04 19:15:20', '2021-01-04 19:15:20', NULL, 0),
(53, '', 'CAR AUDIO MONO LUJOS', '', '', 'LO AMADOR CLL SANTANDER # 20 D -17 LOCAL 1 - CARTAGENA', '', '00000', 1, '2021-01-04 19:15:20', '2021-01-04 19:15:20', NULL, 0),
(54, '', 'ALMACEN Y TALLER SONIDO SOBRE RUEDAS', '', '3017761789', 'CALLE 32 #5B-144 AV ARGELIA SINCELEJO, SUCRE', '', '00000', 1, '2021-01-04 19:15:20', '2021-01-04 19:15:20', NULL, 0),
(55, '', 'FRENOS SUPERMAN', '', '', 'DOÑA GLORIA', '', '00000', 1, '2021-01-04 19:15:20', '2021-01-04 19:15:20', NULL, 0),
(56, '70698708-6', 'AUTOLUJOS CAR´DITO', '345 1546', '', 'CALLE 30N 2BN-24, CALI - VALLE DEL CAUCA', '', '00000', 1, '2021-01-04 19:15:20', '2021-01-04 19:15:20', NULL, 0),
(57, '', 'JORGE CANO', '', '', '', '', '00000', 1, '2021-01-04 19:15:20', '2021-01-04 19:15:20', NULL, 0),
(58, '', 'REPUESTOS WH', '', '', 'SANTUARIO', '', '00000', 1, '2021-01-04 19:15:21', '2021-01-04 19:15:21', NULL, 0),
(59, '', 'REPUESTOS EL ROLO', '', '', 'LA CEJA', '', '00000', 1, '2021-01-04 19:15:21', '2021-01-04 19:15:21', NULL, 0),
(60, '', 'CASCOS Y ACCESORIOS LA CEJA', '', '', 'LA CEJA ANTIOQUIA', '', '00000', 1, '2021-01-04 19:15:21', '2021-01-04 19:15:21', NULL, 0),
(61, '', 'MOTO LILI', '', '3148417715', 'PILARICA', '', '00000', 1, '2021-01-04 19:15:21', '2021-01-04 19:15:21', NULL, 0),
(62, '', 'ELECTROALAMOS', '', '', 'BOMBA DEL GALLO', '', '00000', 1, '2021-01-04 19:15:21', '2021-01-04 19:15:21', NULL, 0),
(63, '', 'TODO CORNETAS EL MONO', '', '', 'CARIBE MEDELLIN', '', '00000', 1, '2021-01-04 19:15:21', '2021-01-04 19:15:21', NULL, 0),
(64, '', 'COMERCIAL NUEVO MILENIO SAS', '', '', 'CALLE 22  #18-29 SAN FRANCISCO BUCARAMANGA', '', '00000', 1, '2021-01-04 19:15:21', '2021-01-04 19:15:21', NULL, 0),
(65, '', 'SUPER MOTOS LA 73', '3014819981', '', 'CARRERA 73 #95-124 CANCHA LA MARACANA. CASTILLA', '', '00000', 1, '2021-01-04 19:15:21', '2021-01-04 19:15:21', NULL, 0),
(66, '', 'SANTY MOTOS LA ALPUJARRA', '', '', 'CALLE 45 #54-15 EL HUECO', '', '00000', 1, '2021-01-04 19:15:22', '2021-01-04 19:15:22', NULL, 0),
(67, '901257469-2', 'ALMACEN CENTROLUJO SAS', '', '', 'CRA. 2 #39-40 MONTERIA', '', '00000', 1, '2021-01-04 19:15:22', '2021-01-04 19:15:22', NULL, 0),
(68, '', 'ENVILUJOS', '', '', 'ENVIGADO', 'ELECTRISOL2007@HOTMAIL.COM', '00000', 1, '2021-01-04 19:15:22', '2021-01-04 19:15:22', NULL, 0),
(69, '', 'SOLO MOTOS FLORENCIA', '3664500', '3233675506', 'CRA 74 #107B-33', '', '00000', 1, '2021-01-04 19:15:22', '2021-01-04 19:15:22', NULL, 0),
(70, '', 'MONO MOTOS LA 49', '', '', 'CRA 49 #74-05 CAMPO VALDES', '', '00000', 1, '2021-01-04 19:15:22', '2021-01-04 19:15:22', NULL, 0),
(71, '', 'DON VICTOR GRAN AVENIDA', '', '', 'PARQUEADERO GRAN AVENIDA', '', '00000', 1, '2021-01-04 19:15:22', '2021-01-04 19:15:22', NULL, 0),
(72, '15044545-6', 'FERNANDO MAHECHA SANCHEZ', '', '', 'CRA 14 #6-8 BARRIO SAN RAFAEL SAHAGUN CORDOBA', '', '00000', 1, '2021-01-04 19:15:22', '2021-01-04 19:15:22', NULL, 0),
(73, '901036370-4', 'AUTOLUJOS DEL CARIBE CARTAGENA', '(5) 669 7096', '', 'AV. PEDRO DE HEREDIA # 51 - 92, CARTAGENA - BOLIVAR', '', '00000', 1, '2021-01-04 19:15:22', '2021-01-04 19:15:22', NULL, 0),
(74, '', 'AKT MOTO REPUESTOS Y ACCESORIOS', '', '3002793773', 'FRENTE A LA EDS DE MARINILLA', '', '00000', 1, '2021-01-04 19:15:22', '2021-01-04 19:15:22', NULL, 0),
(75, '', 'TOÑO LUJOS', '301 315 6493', '', 'CLL 124 SUR # 50 - 17 CALDAS - ANTIOQUIA', '', '00000', 1, '2021-01-04 19:15:23', '2021-01-04 19:15:23', NULL, 0),
(76, '', 'ALEJO GORDO', '', '', '', '', '00000', 1, '2021-01-04 19:15:23', '2021-01-04 19:15:23', NULL, 0),
(77, '', 'CONTADO', '', '317 377 7706', '', '', '00000', 1, '2021-01-04 19:15:23', '2021-01-04 19:15:23', NULL, 0),
(78, '39450204-Y', 'AIDA MILENA QUINTERO', '', '', 'AV. 6 #0-54 LA MERCED - CUCUTA', '', '00000', 1, '2021-01-04 19:15:23', '2021-01-04 19:15:23', NULL, 0),
(79, '', 'SEBAS PRIMO', '', '', 'CALI', '', '00000', 1, '2021-01-04 19:15:23', '2021-01-04 19:15:23', NULL, 0),
(80, '', 'SEAL LUJOS DUITAMA', '', '', 'DUITAMA', '', '00000', 1, '2021-01-04 19:15:23', '2021-01-04 19:15:23', NULL, 0),
(81, '', 'LIRIA ESTELLA PUERTA', '', '', 'APARTADO', '', '00000', 1, '2021-01-04 19:15:23', '2021-01-04 19:15:23', NULL, 0),
(82, '', 'DAVID ALZATE', '', '', '', '', '00000', 1, '2021-01-04 19:15:23', '2021-01-04 19:15:23', NULL, 0),
(83, '', 'CONDUTIENDA', '', '', 'DIAGONAL 52 #10-177 ZONA EXPRESS AL FRENTE COPIDROGAS COPACABANA', '', '00000', 1, '2021-01-04 19:15:23', '2021-01-04 19:15:23', NULL, 0),
(84, '', 'VARIEDADES KAROLAY', '', '', 'BOSCONIA CESAR', '', '00000', 1, '2021-01-04 19:15:24', '2021-01-04 19:15:24', NULL, 0),
(85, '3607947-7', 'JAIME ARGEMIRO QUINTERO', '', '', 'AV 5 #0-07 LA MERCED CUCUTA', '', '00000', 1, '2021-01-04 19:15:24', '2021-01-04 19:15:24', NULL, 0),
(86, '', 'PUNTO LUJOS POPAYAN', '', '', 'VARIANTE SUR KM2 POPAYAN', '', '00000', 1, '2021-01-04 19:15:24', '2021-01-04 19:15:24', NULL, 0),
(87, '', 'ORGO RENAULT', '', '', 'CALLE 72 SUR 45 #45 A 39, SABANETA', '', '00000', 1, '2021-01-04 19:15:24', '2021-01-04 19:15:24', NULL, 0),
(88, '', 'LULA', '', '', '', '', '00000', 1, '2021-01-04 19:15:24', '2021-01-04 19:15:24', NULL, 0),
(89, '', 'DON TULIO', '', '', 'BOGOTA', '', '00000', 1, '2021-01-04 19:15:24', '2021-01-04 19:15:24', NULL, 0),
(90, '', 'LUJOS SU AUTO', '', '', 'CLL. 10 # 9-46 CARTAGO VALLE DEL CAUCA', '', '00000', 1, '2021-01-04 19:15:24', '2021-01-04 19:15:24', NULL, 0),
(91, '', 'NACELL TECHNOLOGY', '', '', 'CR. 52 #49-76 LOCAL 202 C.C MAYORISTAS DEL HUECO', '', '00000', 1, '2021-01-04 19:15:25', '2021-01-04 19:15:25', NULL, 0),
(92, '10275639-2', 'ALMACEN MULTILUJOS', '880 60 43', '', 'CLL 20 # 12 - 08', '', '00000', 1, '2021-01-04 19:15:25', '2021-01-04 19:15:25', NULL, 0),
(93, '', 'SUPER LUJOS 19 10', '', '319 4175737', 'CLL. 10 #7-70 CARTAGO, VALLE DEL CAUCA', '', '00000', 1, '2021-01-04 19:15:25', '2021-01-04 19:15:25', NULL, 0),
(94, '1130614951-8', 'AUTOLUJOS TATI ARISTI', '885 27 15', '310 685 2500', 'CLL 25 #11B-20, CALI', '', '00000', 1, '2021-01-04 19:15:25', '2021-01-04 19:15:25', NULL, 0),
(95, '', 'CLIENTE ELKIN MANIZALES', '', '', 'MANIZALES', '', '00000', 1, '2021-01-04 19:15:25', '2021-01-04 19:15:25', NULL, 0),
(96, '', 'LUJOS SU AUTO', '', '', 'CLL 10 #9-46 CARTAGO', '', '00000', 1, '2021-01-04 19:15:25', '2021-01-04 19:15:25', NULL, 0),
(97, '', 'MISCELANIA TATI ARISTI CALI', '318 695 3605', '', 'CL. 15 #8-103 C.C PETECUY, CALI-VALLE DEL CAUCA', '', '00000', 1, '2021-01-04 19:15:25', '2021-01-04 19:15:25', NULL, 0),
(98, '14470406-3', 'DISTRIELECTRICO AUTOMOTRIZ JD', '', '', 'CL. 14 #17-78 AV. JULIAN BUCHELI, PASTO NARIÑO', '', '00000', 1, '2021-01-04 19:15:25', '2021-01-04 19:15:25', NULL, 0),
(99, '98381255-1', 'DIELECTRICO AUTOMOTRIZ', '', '', 'Cl. 16 #18-30 AV. JULIAN BUCHELI, PASTO - NARIÑO', '', '00000', 1, '2021-01-04 19:15:26', '2021-01-04 19:15:26', NULL, 0),
(100, '66723345-9', 'AMERICAN RACING ACCESORIOS', '', '3106206729', 'CR. 30 # 24-71 TULUA - VALLE DEL CAUCA', '', '00000', 1, '2021-01-04 19:15:26', '2021-01-04 19:15:26', NULL, 0),
(101, '', 'OLGA QUINTERO', '', '', '', '', '00000', 1, '2021-01-04 19:15:26', '2021-01-04 19:15:26', NULL, 0),
(102, '', 'DON MARTIN', '', '', 'CABAÑAS', '', '00000', 1, '2021-01-04 19:15:26', '2021-01-04 19:15:26', NULL, 0),
(103, '', 'ALMACEN DISTRILUJOS', '', '', 'CL. 15 #1 NORTE-2 A NORTE-84 IPIALES, NARIÑO', '', '00000', 1, '2021-01-04 19:15:26', '2021-01-04 19:15:26', NULL, 0),
(104, '', 'TODO LUJOS', '', '301 625 5341', 'CR. 30 # 24-73 BRR CESPEDES TULUA, VALLE DEL CAUCA', '', '00000', 1, '2021-01-04 19:15:26', '2021-01-04 19:15:26', NULL, 0),
(105, '', 'SEBASTIAN VECINO', '', '', 'CL. 27', '', '00000', 1, '2021-01-04 19:15:26', '2021-01-04 19:15:26', NULL, 0),
(106, '', 'PUNTO LUJOS DOSQUEBRADAS', '', '', 'RISARALDA', '', '00000', 1, '2021-01-04 19:15:26', '2021-01-04 19:15:26', NULL, 0),
(107, '901282166-1', 'LUJOS Y ACCESORIOS JR', '', '312 4788730', 'CRA. 38 #38-29, ATLANTICO BARRANQUILLA', '', '00000', 1, '2021-01-04 19:15:26', '2021-01-04 19:15:26', NULL, 0),
(108, '', 'PRIMITO HUMBERTO (EL CHILENO)', '', '', 'GRANADA', '', '00000', 1, '2021-01-04 19:15:26', '2021-01-04 19:15:26', NULL, 0),
(109, '', 'YHORS MOTOS', '477 9805', '', 'CRA. 83 # 98CC 24, 12 DE OCTUBRE', '', '00000', 1, '2021-01-04 19:15:27', '2021-01-04 19:15:27', NULL, 0),
(110, '901175814-8', 'REFRIELECTRICOS MOTORS S.A.S', '', '', 'MAMONAL KM 6 ESTACION DE SERVICIOS LAS AMERICAS, LOCAL 108B', '', '00000', 1, '2021-01-04 19:15:27', '2021-01-04 19:15:27', NULL, 0),
(111, '', 'ESTEBAN MOTOS', '', '', 'CRA. 83 #92-93, 12 DE OCTUBRE', '', '00000', 1, '2021-01-04 19:15:27', '2021-01-04 19:15:27', NULL, 0),
(112, '', 'AUTOLUJOS MAICAO', '', '', '', '', '00000', 1, '2021-01-04 19:15:27', '2021-01-04 19:15:27', NULL, 0),
(113, '', 'MARIA MELIDA HERNANDEZ', '761 4222', '', 'CRA. 42 #4 - 70, DUIMATA - BOYACA', '', '00000', 1, '2021-01-04 19:15:27', '2021-01-04 19:15:27', NULL, 0),
(114, '', 'EDISON MONITO', '', '', '', '', '00000', 1, '2021-01-04 19:15:27', '2021-01-04 19:15:27', NULL, 0),
(115, '', 'FIBRAS Y REPUESTOS WG', '', '', 'SANTUARIO', '', '00000', 1, '2021-01-04 19:15:27', '2021-01-04 19:15:27', NULL, 0),
(116, '', 'PEDRO TIQUE', '', '', 'SAN CRISTOBAL, VENEZUELA', '', '00000', 1, '2021-01-04 19:15:27', '2021-01-04 19:15:27', NULL, 0),
(117, '', 'MUELLES Y TRAILER LAS 2 TORRES', '373 6905', '', 'CALLE 31 # 41-15 ITAGUI, PARQUEADERO ESTACION DEL RIO, LOCAL 20', '', '00000', 1, '2021-01-04 19:15:27', '2021-01-04 19:15:27', NULL, 0),
(118, '', 'OBSEQUIO', '', '', '', '', '00000', 1, '2021-01-04 19:15:27', '2021-01-04 19:15:27', NULL, 0),
(119, '', 'CAMILO SUBA', '3103468022', '', 'SUBA COMPARTIR', '', '00000', 1, '2021-01-04 19:15:28', '2021-01-04 19:15:28', NULL, 0),
(120, '', 'SERGIO ZAPATA CHECHO', '', '', '', '', '00000', 1, '2021-01-04 19:15:28', '2021-01-04 19:15:28', NULL, 0),
(121, '', 'VENEZUELA', '', '', '', '', '00000', 1, '2021-01-04 19:15:28', '2021-01-04 19:15:28', NULL, 0),
(122, '900467504-1', 'TRUCKERS GROUP (CENTRO AUTOMOTOR DE LA SABANA)', '279 6417', '', 'CR 4 # 10 A - 70 BRR LOS LAURELES', '', '00000', 1, '2021-01-04 19:15:28', '2021-01-04 19:15:28', NULL, 0),
(123, '1128397404-1', 'AUTO PITS', '232 96 66', '', 'CRA 52 #38-38', '', '00000', 1, '2021-01-04 19:15:28', '2021-01-04 19:15:28', NULL, 0),
(124, '91231919-3', 'DISTRIBUCIONES HERREÑO', '', '', 'CRA. 19 #19-42 BUCARAMANGA - SANTANDER', '', '00000', 1, '2021-01-04 19:15:28', '2021-01-04 19:15:28', NULL, 0),
(125, '', 'JUDITH TORO', '', '', 'CARTAGENA', '', '00000', 1, '2021-01-04 19:15:28', '2021-01-04 19:15:28', NULL, 0),
(126, '19882521', 'NEW AUTO LUJOS CAR M&amp;A', '', '', 'BARRANCABERMEJA', '', '00000', 1, '2021-01-04 19:15:28', '2021-01-04 19:15:28', NULL, 0),
(127, '1113634496', 'LORENA ALVAREZ', '', '', 'CARRERA 25 #48-04 BARRIO FENALCO, KENNEDY - CALI', '', '00000', 1, '2021-01-04 19:15:28', '2021-01-04 19:15:28', NULL, 0),
(128, '27304323', 'AURA ELENA BENAVIDES', '301 514 43 61', '', 'CRA 30 #42-05 PALMIRA VALLE', '', '00000', 1, '2021-01-04 19:15:28', '2021-01-04 19:15:28', NULL, 0),
(129, '', 'FERRETALEX', '452 5551', '321 812 6421', 'CARRERA 58 # 27A - 31, CABAÑAS- BELLO', '', '00000', 1, '2021-01-04 19:15:29', '2021-01-04 19:15:29', NULL, 0),
(130, '901363693-1', 'LUJOS PACHECO Y REDONDO SAS', '', '', 'CALLE 76 # 43B - 35, BARRANQUILLA', '', '00000', 1, '2021-01-04 19:15:29', '2021-01-04 19:15:29', NULL, 0),
(131, '', 'EDISON BARRIO NUEVO', '', '315 582 3310', '', '', '00000', 1, '2021-01-04 19:15:29', '2021-01-04 19:15:29', NULL, 0),
(132, '901116036-2', 'INVERSIONES REGOM SAS', '280 0834', '', 'AV SINCELEJITO CLL 32A #36 - 389', '', '00000', 1, '2021-01-04 19:15:29', '2021-01-04 19:15:29', NULL, 0),
(133, '45553736', 'AUTOLUJOS RAPIALARMA', '300 803 9418', '315 548 9396', 'CALLE 16 # 29 - 28 BRR BOSTON, MAGANGUE', '', '00000', 1, '2021-01-04 19:15:29', '2021-01-04 19:15:29', NULL, 0),
(134, '900991062-2', 'AUTOYANKEE S.A.S', '', '', '', '', '00000', 1, '2021-01-04 19:15:30', '2021-01-04 19:15:30', NULL, 0),
(135, '', 'DIANA ISABEL DIFILIPO', '', '', 'CLL 63 # 5 - 45 SOLEDAD', '', '00000', 1, '2021-01-04 19:15:30', '2021-01-04 19:15:30', NULL, 0),
(136, '7217608-6', 'ALMACEN MARTILUJOS', '771 2772', '', 'CLL 11 # 17 - 63 BOYACA, SOGAMOSO', '', '00000', 1, '2021-01-04 19:15:30', '2021-01-04 19:15:30', NULL, 0),
(137, '1065562476', 'DITTA SANABRIA FELIPE MIGUEL', '', '', 'CR 7A # 19C - 19', '', '00000', 1, '2021-01-04 19:15:30', '2021-01-04 19:15:30', NULL, 0),
(138, '', 'DANIEL ARANGO', '', '316 295 1857', '', '', '00000', 1, '2021-01-04 19:15:30', '2021-01-04 19:15:30', NULL, 0),
(139, '13455929-7', 'LUJOS Y ACCESORIOS EL MACHETAZO', '313 720 2712', '', 'CALLE 42 # 38 - 42 LOCAL 3', '', '00000', 1, '2021-01-04 19:15:30', '2021-01-04 19:15:30', NULL, 0),
(140, '63317880-6', 'LLANTAS DEL ATLANTICO', '3205765141', '', 'CR 8B # 5 - 325 EDS PUENTE PUMEREJO - LOCAL LLANTERIA', '', '00000', 1, '2021-01-04 19:15:30', '2021-01-04 19:15:30', NULL, 0),
(141, '', 'ANDRES HURTADO FORERO', '3008252753', '', 'FONTIBON', '', '00000', 1, '2021-01-04 19:15:30', '2021-01-04 19:15:30', NULL, 0),
(142, '', 'BEATRIZ CROMOS', '', '314 597 4888', 'LA ESTANZUELA', '', '00000', 1, '2021-01-04 19:15:31', '2021-01-04 19:15:31', NULL, 0),
(143, '', 'ELEC-CAR', '257 24 20', '', 'CR 64 C # 75 - 35 BRR CARIBE', '', '00000', 1, '2021-01-04 19:15:31', '2021-01-04 19:15:31', NULL, 0),
(144, '', 'ALMACEN CRISTIAN MOTOS', '', '', 'CR 49 # 99 - 83 FREDONIA', '', '00000', 1, '2021-01-04 19:15:31', '2021-01-04 19:15:31', NULL, 0),
(145, '', 'PARQUEADERO 7 ANGELES', '', '', 'CLL 74 # 64 C - 20', '', '00000', 1, '2021-01-04 19:15:31', '2021-01-04 19:15:31', NULL, 0),
(146, '', 'LUIS GOMEZ', '', '313 683 4020', 'ESTANZUELA', '', '00000', 1, '2021-01-04 19:15:31', '2021-01-04 19:15:31', NULL, 0),
(147, '5740782-M', 'FERNANDO QUIROZ', '', '', 'CRA 9 # 16 - 36 EDF GRAN VIA APTO 302', '', '00000', 1, '2021-01-04 19:15:31', '2021-01-04 19:15:31', NULL, 0),
(148, '', 'ANDRES BERNAL', '', '', 'LA ESTANZUELA', '', '00000', 1, '2021-01-04 19:15:31', '2021-01-04 19:15:31', NULL, 0),
(149, '', 'CAMILO LA ESTANZUELA', '', '', '', '', '00000', 1, '2021-01-04 19:15:31', '2021-01-04 19:15:31', NULL, 0),
(150, '1095458793', 'JEFFERSON MARIN DIAZ', '', '', 'CR 96 G BIS # 16 D - 11 FONTIBON 3º PISO', '', '00000', 1, '2021-01-04 19:15:31', '2021-01-04 19:15:31', NULL, 0),
(151, '98697054-5', 'DANIEL GARCIA', '', '', 'CLL 27 # 58 - 53 BRR CABAÑAS, BELLO - ANTIOQUIA', '', '00000', 1, '2021-01-04 19:15:32', '2021-01-04 19:15:32', NULL, 0),
(152, '', 'ANDRES BELLO', '', '', '', '', '00000', 1, '2021-01-04 19:15:32', '2021-01-04 19:15:32', NULL, 0),
(153, '', 'JESUS DAVID (PITU)', '', '', '', '', '00000', 1, '2021-01-04 19:15:32', '2021-01-04 19:15:32', NULL, 0),
(154, '', 'ESTEBAN SANCHEZ (BOMBA)', '', '', '', '', '00000', 1, '2021-01-04 19:15:32', '2021-01-04 19:15:32', NULL, 0),
(155, '1017175549', 'GUSTAVO ALONSO MUÑOZ CORDOBA', '183909262', '314 859 6579', 'CR 65 # 32 - 40 BRR TRINIDAD - MEDELLIN', '', '00000', 1, '2021-01-04 19:15:32', '2021-01-04 19:15:32', NULL, 0),
(156, '98655750-3', 'TALLER ELECTRICO GENIO', '', '', 'CR 21 CLL 30 # 31 - 13 CAUCASIA', '', '00000', 1, '2021-01-04 19:15:32', '2021-01-04 19:15:32', NULL, 0),
(157, '', 'YEFERSON MARIN FONTIBON', '', '', '', '', '00000', 1, '2021-01-04 19:15:32', '2021-01-04 19:15:32', NULL, 0),
(158, '', 'MARLENY RINCON', '', '', 'BOGOTA', '', '1', 3, '2021-01-04 19:15:32', '2021-01-04 19:15:32', NULL, 0),
(159, '', 'GPS TRUCKS', '', '', 'BOGOTA', '', '1', 3, '2021-01-04 19:15:32', '2021-01-04 19:15:32', NULL, 0),
(160, '', 'SANTIAGO URIZA', '', '', 'BOGOTA', '', '1', 4, '2021-01-04 19:15:33', '2021-01-04 19:15:33', NULL, 0),
(161, '', 'CRISTIAN RAMIREZ', '', '', 'BOGOTA', '', '1', 1, '2021-01-04 19:15:33', '2021-01-04 19:15:33', NULL, 0),
(162, '', 'ARNOLD RUTA 13', '', '', 'BOGOTA', 'LUJOSAUTOPITS@HOTMAIL.COM', '1', 1, '2021-01-04 19:15:33', '2021-01-04 19:15:33', NULL, 0),
(163, '', 'FABIAN FACARZ', '', '318 282 2983', 'BOGOTA', '', '1', 1, '2021-01-04 19:15:33', '2021-01-04 19:15:33', NULL, 0),
(164, '', 'DAVID NAZCAR', '', '', 'BOGOTA', '', '1', 1, '2021-01-04 19:15:33', '2021-01-04 19:15:33', NULL, 0),
(165, '', 'LUIS MARTINEZ', '', '300 5788761', 'ZIPAQUIRA', '', '1', 1, '2021-01-04 19:15:33', '2021-01-04 19:15:33', NULL, 0),
(166, '', 'PLANET TRUCKS', '', '', 'BOGOTA', '', '1', 1, '2021-01-04 19:15:33', '2021-01-04 19:15:33', NULL, 0),
(167, '', 'LUIS OVALLE', '', '311 631 5387', 'BOGOTA', '', '1', 1, '2021-01-04 19:15:33', '2021-01-04 19:15:33', NULL, 0),
(168, '', 'DIEGO AUTO RALLY', '', '', 'BOGOTA', '', '1', 1, '2021-01-04 19:15:34', '2021-01-04 19:15:34', NULL, 0),
(169, '', 'AUTO RALLY2', '', '', 'BOGOTA', '', '1', 1, '2021-01-04 19:15:34', '2021-01-04 19:15:34', NULL, 0),
(170, '', 'GARAGOA', '', '', 'EL TIERRERO BOGOTA', '', '1', 1, '2021-01-04 19:15:34', '2021-01-04 19:15:34', NULL, 0),
(171, '', 'OCCIDENTAL DE LUJOS', '', '302 290 3552', 'CALLE 1RA BOGOTA', '', '1', 1, '2021-01-04 19:15:34', '2021-01-04 19:15:34', NULL, 0),
(172, '79859422-1', 'ELECTRO LUJOS LA PLAYA', '3105748448', '', 'CRA 18C #1C-07 BOGOTA', '', '1', 1, '2021-01-04 19:15:34', '2021-01-04 19:15:34', NULL, 0),
(173, '52824243-M', 'HEIDY OLIVERA JIMENEZ', '3219678529', '271 4130', 'CRA 18C #1-25', '', '1', 1, '2021-01-04 19:15:34', '2021-01-04 19:15:34', NULL, 0),
(174, '', 'JOSE MARTIN CALLE 6', '', '', 'CALLE 6 BOGOTA', '', '1', 1, '2021-01-04 19:15:34', '2021-01-04 19:15:34', NULL, 0),
(175, '', 'PROTECCION CAR', '', '', 'BOGOTA CALLE 1RA', '', '1', 1, '2021-01-04 19:15:34', '2021-01-04 19:15:34', NULL, 0),
(176, '', 'DANIEL LRM', '', '', 'BOGOTA', '', '1', 1, '2021-01-04 19:15:34', '2021-01-04 19:15:34', NULL, 0),
(177, '', 'FABIAN NOVA', '', '310 544 6760', 'BOGOTA', '', '1', 1, '2021-01-04 19:15:34', '2021-01-04 19:15:34', NULL, 0),
(178, '', 'FREDY PABON', '', '3108528331', 'BOGOTA', '', '1', 1, '2021-01-04 19:15:34', '2021-01-04 19:15:34', NULL, 0),
(179, '', 'MEGA WORLD', '', '304 244 9772', 'BOGOTA LA ESTANZUELA', '', '1', 1, '2021-01-04 19:15:35', '2021-01-04 19:15:35', NULL, 0),
(180, '', 'CENTRO LUJOS LA PRIMERA', '', '', 'CALLE 1RA #19A-32 BOGOTA', '', '1', 1, '2021-01-04 19:15:35', '2021-01-04 19:15:35', NULL, 0),
(181, '', 'AUTO LASER', '', '302 460 6585', 'CARRERA 19 #4B-49', '', '1', 1, '2021-01-04 19:15:35', '2021-01-04 19:15:35', NULL, 0),
(182, '', 'CAMILO PELUDO', '', '', 'LA ESTANZUELA', 'danny.1224@hotmail.com', '1', 1, '2021-01-04 19:15:35', '2021-01-04 19:15:35', NULL, 0),
(183, '', 'PATRICIA FORERO', '', '', 'BOGOTA', '', '1', 1, '2021-01-04 19:15:36', '2021-01-04 19:15:36', NULL, 0),
(184, '', 'AUTO RALLY  ANGELA', '', '', 'LA ESTANZUELA BOGOTA', '', '1', 1, '2021-01-04 19:15:36', '2021-01-04 19:15:36', NULL, 0),
(185, '', 'DACARK', '', '', 'BOGOTA', '', '1', 1, '2021-01-04 19:15:36', '2021-01-04 19:15:36', NULL, 0),
(186, '', 'JOSE TERAN CALLE 6', '', '', 'BOGOTA', '', '1', 1, '2021-01-04 19:15:36', '2021-01-04 19:15:36', NULL, 0),
(187, '', 'DARIO CALLE 3', '', '301 606 1847', 'BOGOTA', '', '1', 1, '2021-01-04 19:15:36', '2021-01-04 19:15:36', NULL, 0),
(188, '', 'TECNILUJOS RINCON', '', '', 'LA ESTANZUELA', '', '1', 1, '2021-01-04 19:15:36', '2021-01-04 19:15:36', NULL, 0),
(189, '', 'JOSE RAMIREZ', '', '323 287 2882', '7 DE AGOSTO BOGOTA', '', '1', 1, '2021-01-04 19:15:36', '2021-01-04 19:15:36', NULL, 0),
(190, '', 'JAIME CALLE 1RA', '', '', 'CALLE 1RA BOGOTA', '', '1', 1, '2021-01-04 19:15:36', '2021-01-04 19:15:36', NULL, 0),
(191, '', 'ALFAY GROUP', '', '', 'BOGOTA', '', '1', 1, '2021-01-04 19:15:36', '2021-01-04 19:15:36', NULL, 0),
(192, '', 'JEREMIAS OCCIDENTAL', '', '', 'BOGOTA', '', '1', 1, '2021-01-04 19:15:36', '2021-01-04 19:15:36', NULL, 0),
(193, '', 'ALEXANDER LA 6TA', '', '', 'BOGOTA', '', '1', 1, '2021-01-04 19:15:37', '2021-01-04 19:15:37', NULL, 0),
(194, '', 'MARIA OLIVA ALEMAR', '', '300 863 8967', 'LA ESTANZUELA', '', '1', 1, '2021-01-04 19:15:37', '2021-01-04 19:15:37', NULL, 0),
(195, '', 'INTERLUJOS LA 6TA', '', '312 453 0559', 'BOGOTA', '', '1', 1, '2021-01-04 19:15:37', '2021-01-04 19:15:37', NULL, 0),
(196, '', 'JORGE FORERO PELUDO', '', '', 'ESTANZUELA BOGOTA', '', '1', 1, '2021-01-04 19:15:37', '2021-01-04 19:15:37', NULL, 0),
(197, '', 'SANDRA CALLE PRIMERA', '', '', 'CALLE 1RA #19A-32 BOGOTA', '', '1', 1, '2021-01-04 19:15:37', '2021-01-04 19:15:37', NULL, 0),
(198, '', 'SANDRA VANEGAS', '', '', 'LA ESTANZUELA', '', '1', 1, '2021-01-04 19:15:37', '2021-01-04 19:15:37', NULL, 0),
(199, '', 'DUMAR VANEGAS', '', '3183909262', 'LA ESTANZUELA', '', '1', 1, '2021-01-04 19:15:37', '2021-01-04 19:15:37', NULL, 0),
(200, '', 'EL MAO', '', '', 'BOGOTA', '', '1', 1, '2021-01-04 19:15:37', '2021-01-04 19:15:37', NULL, 0),
(201, '', 'ELIO LUXUS', '', '', 'BOGOTA', '', '1', 1, '2021-01-04 19:15:37', '2021-01-04 19:15:37', NULL, 0),
(202, '', 'MOTOS JULIAN', '', '3008638967', 'BOGOTA', '', '1', 1, '2021-01-04 19:15:37', '2021-01-04 19:15:37', NULL, 0),
(203, '', 'NAZCAR 2', '', '', 'LA ESTANZUELA BOGOTA', '', '1', 1, '2021-01-04 19:15:38', '2021-01-04 19:15:38', NULL, 0),
(204, '', 'RACE SPECIAL', '', '', 'BOGOTA', '', '1', 1, '2021-01-04 19:15:38', '2021-01-04 19:15:38', NULL, 0),
(205, '', 'ANDRES BOSA', '', '', 'BOGOTA', '', '1', 1, '2021-01-04 19:15:38', '2021-01-04 19:15:38', NULL, 0),
(206, '', 'ORLANDO LA HORMIGA', '', '', 'BOGOTA', '', '1', 1, '2021-01-04 19:15:38', '2021-01-04 19:15:38', NULL, 0),
(207, '', 'ANGIE POLARIZADOS', '', '', 'LA ESTANZUELA', '', '1', 1, '2021-01-04 19:15:38', '2021-01-04 19:15:38', NULL, 0),
(208, '', 'YELI REPRESENTACIONES', '', '', 'LA ESTANZUELA', '', '1', 1, '2021-01-04 19:15:38', '2021-01-04 19:15:38', NULL, 0),
(209, '', 'MONICA SURTIFAROS', '', '', 'LA ESTANZUELA', '', '1', 1, '2021-01-04 19:15:38', '2021-01-04 19:15:38', NULL, 0),
(210, '', 'MAKRO CARS', '', '', 'LA ESTANZUELA', '', '1', 1, '2021-01-04 19:15:38', '2021-01-04 19:15:38', NULL, 0),
(211, '', 'VILMA CUBIDES', '', '', 'BOGOTA', '', '1', 1, '2021-01-04 19:15:38', '2021-01-04 19:15:38', NULL, 0),
(212, '', 'JAIDER', '', '', 'BOGOTA', '', '1', 1, '2021-01-04 19:15:38', '2021-01-04 19:15:38', NULL, 0),
(213, '', 'ROBERTO GIRALDO', '', '', 'BOGOTA', '', '1', 1, '2021-01-04 19:15:39', '2021-01-04 19:15:39', NULL, 0),
(214, '', 'JORGE RAMOS AMIGO CATARNAIN', '', '', 'BOGOTA', '', '1', 1, '2021-01-04 19:15:39', '2021-01-04 19:15:39', NULL, 0),
(215, '', 'JULIO CORTEZ PARQUEADERO', '', '', 'PARQUEADERO BOGOTA', '', '1', 1, '2021-01-04 19:15:39', '2021-01-04 19:15:39', NULL, 0),
(216, '', 'ZIPAQUIRA', '', '', 'ZIPAQUIRA', '', '1', 1, '2021-01-04 19:15:39', '2021-01-04 19:15:39', NULL, 0),
(217, '', 'LIDER LUJOS LA 8VA', '', '', 'LA ESTANZUELA', '', '1', 1, '2021-01-04 19:15:39', '2021-01-04 19:15:39', NULL, 0),
(218, '', 'ZANTTINI OMAIRA', '', '', 'LA ESTANZUELA', '', '1', 1, '2021-01-04 19:15:39', '2021-01-04 19:15:39', NULL, 0),
(219, '', 'UNIVERSAL DE LUJOS MARIANA', '', '', 'LA ESTANZUELA', '', '1', 1, '2021-01-04 19:15:39', '2021-01-04 19:15:39', NULL, 0),
(220, '', 'REINEL ORTIZ', '', '', 'BOGOTA', '', '1', 1, '2021-01-04 19:15:39', '2021-01-04 19:15:39', NULL, 0),
(221, '', 'MONICA ELECTRILUJOS', '', '', 'ESTANZUELA', '', '1', 1, '2021-01-04 19:15:39', '2021-01-04 19:15:39', NULL, 0),
(222, '', 'HUGO LA 18', '', '', 'ESTANZUELA', '', '1', 1, '2021-01-04 19:15:39', '2021-01-04 19:15:39', NULL, 0),
(223, '', 'OSCAR MALLERLI', '', '', 'AV. 7 #182-29, NORTE DE BOGOTA', '', '1', 1, '2021-01-04 19:15:40', '2021-01-04 19:15:40', NULL, 0),
(224, '', 'HUMBERTO PULIDO', '', '', 'CALLE 1RA BOGOTA', '', '1', 1, '2021-01-04 19:15:40', '2021-01-04 19:15:40', NULL, 0),
(225, '', 'WILSON GARABITO', '', '', 'BOGOTA', '', '1', 1, '2021-01-04 19:15:40', '2021-01-04 19:15:40', NULL, 0),
(226, '', 'RICHARD BETANCOURT', '', '', 'TRIMON', '', '1', 1, '2021-01-04 19:15:40', '2021-01-04 19:15:40', NULL, 0),
(227, '', 'ANGIE REYES', '', '', 'DUMAR VANEGAS', '', '1', 1, '2021-01-04 19:15:40', '2021-01-04 19:15:40', NULL, 0),
(228, '', 'ANDRES QUICENO', '317 561 44 91', '', 'BOGOTA', '', '1', 1, '2021-01-04 19:15:41', '2021-01-04 19:15:41', NULL, 0),
(229, '', 'JULIETH CIFUENTES', '310 283 06 89', '', 'BOGOTA', '', '1', 1, '2021-01-04 19:15:41', '2021-01-04 19:15:41', NULL, 0),
(230, '', 'ANGEL INFINTY', '', '', 'BOGOTA', '', '1', 1, '2021-01-04 19:15:41', '2021-01-04 19:15:41', NULL, 0),
(231, '', 'ANDRES (JESSICA)', '', '3204845050', 'LA ESTANZUELA', '', '1', 1, '2021-01-04 19:15:41', '2021-01-04 19:15:41', NULL, 0),
(232, '', 'IMPORTADORA BONNY', '', '', 'LA ESTANZUELA - BOGOTA', '', '1', 1, '2021-01-04 19:15:41', '2021-01-04 19:15:41', NULL, 0),
(233, '', 'LUIS RODRIGUEZ LUCHO', '', '3125668527', '', '', '1', 1, '2021-01-04 19:15:41', '2021-01-04 19:15:41', NULL, 0),
(234, '', 'SERVITECA DE LOS LUJOS DOÑA YANETH', '', '', 'LA ESTANZUELA', '', '1', 1, '2021-01-04 19:15:41', '2021-01-04 19:15:41', NULL, 0),
(235, '', 'ANTONIO GARCIA CASTAÑEDA', '', '', 'FONTIBON', '', '1', 1, '2021-01-04 19:15:41', '2021-01-04 19:15:41', NULL, 0),
(236, '', 'KILO E PELO', '', '', 'BUCARAMANGA', '', '2', 1, '2021-01-04 19:15:42', '2021-01-04 19:15:42', NULL, 0),
(237, '', 'DIEGO ALEJANDRO CHUZUDO', '', '', 'CABAÑAS', '', '3', 1, '2021-01-04 19:15:42', '2021-01-04 19:15:42', NULL, 0),
(238, '', 'LUJOS EL GAMIN', '', '', 'BARRIO TRISTE', '', '4', 1, '2021-01-04 19:15:42', '2021-01-04 19:15:42', NULL, 0),
(239, '91267838-2', 'TRACTO REPUESTOS SAHAGUN', '', '', 'SAHAGUN CORDOBA', '', '4', 1, '2021-01-04 19:15:42', '2021-01-04 19:15:42', NULL, 0),
(240, '', 'PORTAL DEL NORTE', '', '', 'BOMBA ZEUSS HOTEL PORTAL DEL NORTE DON MATIAS', '', '4', 1, '2021-01-04 19:15:42', '2021-01-04 19:15:42', NULL, 0),
(241, '', 'LUBRITAE DOÑA PAOLA GALLO', '', '', 'SAHAGUN', '', '4', 1, '2021-01-04 19:15:42', '2021-01-04 19:15:42', NULL, 0),
(242, '900849392-1', 'TODO ELECTRICO VICTOR', '', '', 'CARRERA 38 #43-07 BARRANQUILLA', '', '4', 1, '2021-01-04 19:15:42', '2021-01-04 19:15:42', NULL, 0),
(243, '', 'RAPI DIESEL CARTAGENA', '', '', 'CARTAGENA', '', '4', 1, '2021-01-04 19:15:43', '2021-01-04 19:15:43', NULL, 0),
(244, '', 'AUDIOLUJOS RYJ', '', '', 'BARRANQUILLA', '', '4', 1, '2021-01-04 19:15:43', '2021-01-04 19:15:43', NULL, 0),
(245, '', 'OSCAR PERTUS', '', '', 'SANTA MARTA', '', '4', 1, '2021-01-04 19:15:43', '2021-01-04 19:15:43', NULL, 0),
(246, '', 'LUJOS REMBER', '', '3204845050', 'CARTAGENA MI VAQUITA', '', '4', 1, '2021-01-04 19:15:43', '2021-01-04 19:15:43', NULL, 0),
(247, '', 'HELVER MOTO', '', '', 'AV BOYACA #49A-54 BOGOTA', '', '4', 1, '2021-01-04 19:15:43', '2021-01-04 19:15:43', NULL, 0),
(248, '900213987-3', 'FACEHT ELECTRONICS SAS', '', '', 'DG 51  SUR 55A-61 VENECIA BOGOTA', '', '4', 1, '2021-01-04 19:15:43', '2021-01-04 19:15:43', NULL, 0),
(249, '1026153433-8', 'LUXYCALDAS DC', '', '', 'CRA. 45 #125 SUR 318, CALDAS-ANTIOQUIA', '', '4', 1, '2021-01-04 19:15:43', '2021-01-04 19:15:43', NULL, 0),
(250, '', 'JESICA CUCUTA', '', '', 'AV 7 #15-43 EL SALADO CUCUTA', '', '4', 1, '2021-01-04 19:15:43', '2021-01-04 19:15:43', NULL, 0),
(251, '', 'ANDRES THARWA', '3016455373', '', 'BARRIO TRISTE', '', '4', 1, '2021-01-04 19:15:44', '2021-01-04 19:15:44', NULL, 0),
(252, '', 'ANTIOQUEÑA DE LUJOS', '', '3128521147', 'BARRIO TRISTE', '', '4', 1, '2021-01-04 19:15:44', '2021-01-04 19:15:44', NULL, 0),
(253, '', 'JONATHAN  MUJERA', '', '', 'DON MATIAS', '', '4', 1, '2021-01-04 19:15:44', '2021-01-04 19:15:44', NULL, 0),
(254, '', 'AUTOPARTES TRES OSOS Y OSOS', '', '', 'KR 80 #44-71 EDF. FINLANDIA 80 INT 44-71', '', '4', 1, '2021-01-04 19:15:44', '2021-01-04 19:15:44', NULL, 0),
(255, '', 'DIEGO BECERRA', '', '', 'KM 5 VIA AL MAR, E.D.S RAFAEL - SAN ALBERTO CESAR', '', '4', 1, '2021-01-04 19:15:44', '2021-01-04 19:15:44', NULL, 0),
(256, '', 'LUIS KJ XTREM BOSA', '', '', 'BOSA BOGOTA', '', '4', 1, '2021-01-04 19:15:44', '2021-01-04 19:15:44', NULL, 0),
(257, '', 'ISAAC CONTRERAS', '', '', 'CALLE 2 #23-37 BARRIO SABANITA CESAR AGUACHICA', '', '4', 1, '2021-01-04 19:15:44', '2021-01-04 19:15:44', NULL, 0),
(258, '', 'LUJOS JAVIDY', '3115329492', '', 'AV 7 #0-51 CUCUTA', '', '4', 1, '2021-01-04 19:15:44', '2021-01-04 19:15:44', NULL, 0),
(259, '5472356-1', 'AUTOLUJOS PUBLICARS', '', '', 'CRA. 48 #03-05, OCAÑA', '', '4', 1, '2021-01-04 19:15:44', '2021-01-04 19:15:44', NULL, 0),
(260, '', 'FERNANDO BAUTISTA', '', '', 'CALLE 24D CON CRA1A ESQUINA', '', '4', 1, '2021-01-04 19:15:44', '2021-01-04 19:15:44', NULL, 0),
(261, '', 'MILLER AUTOS', '', '', 'BOGOTA SOACHAS', '', '4', 1, '2021-01-04 19:15:45', '2021-01-04 19:15:45', NULL, 0),
(262, '', 'ALEJANDRO SIBATE', '', '', 'SIBATE BOGOTA', '', '4', 1, '2021-01-04 19:15:45', '2021-01-04 19:15:45', NULL, 0),
(263, '', 'DON JOSE TUNJA', '', '', 'TUNJA', '', '4', 1, '2021-01-04 19:15:45', '2021-01-04 19:15:45', NULL, 0),
(264, '', 'DON OSCAR CHAPARRO', '', '', '', '', '4', 1, '2021-01-04 19:15:45', '2021-01-04 19:15:45', NULL, 0),
(265, '', 'DAVID CUCUTA', '', '', 'CUCUTA', '', '4', 1, '2021-01-04 19:15:45', '2021-01-04 19:15:45', NULL, 0),
(266, '', 'JOSE LUJOS', '', '', 'BARRIO TRISTE', '', '4', 1, '2021-01-04 19:15:45', '2021-01-04 19:15:45', NULL, 0),
(267, '', 'TATIARISTY BARRANQUILLA', '', '', 'BARRANQUILLA', '', '4', 1, '2021-01-04 19:15:45', '2021-01-04 19:15:45', NULL, 0),
(268, '', 'CORDOBA MOTORS', '', '', 'CLL. 42 #29-06 VILLA SORENTO, TERMINAL MONTERIA CORDOBA', '', '4', 1, '2021-01-04 19:15:45', '2021-01-04 19:15:45', NULL, 0),
(269, '', 'GRAND PRIX', '', '', '', '', '4', 1, '2021-01-04 19:15:45', '2021-01-04 19:15:45', NULL, 0),
(270, '98651656-0', 'ALMACEN ELECTRICOS YOVANIS', '', '', 'CL. 29 #20B-67 CAUCASIA', '', '4', 1, '2021-01-04 19:15:45', '2021-01-04 19:15:45', NULL, 0),
(271, '12618389-Z', 'MISCELANEA BOLIVAR', '', '', 'CRA 38 # 32-25 BARRIO CENTRO-BARRANQUILLA', '', '4', 1, '2021-01-04 19:15:45', '2021-01-04 19:15:45', NULL, 0),
(272, '', 'R Y J AUDIO LUJOS S.A.S', '', '', 'BARRANQUILLA', '', '4', 1, '2021-01-04 19:15:45', '2021-01-04 19:15:45', NULL, 0),
(273, '', 'JOSE ALEXI', '', '', 'AV BOYACA BOGOTA', '', '4', 1, '2021-01-04 19:15:46', '2021-01-04 19:15:46', NULL, 0),
(274, '', 'DAVID MANCIPE', '', '', 'CRA 80 #60-15 SUR BOSA/BOGOTA', '', '5', 1, '2021-01-04 19:15:46', '2021-01-04 19:15:46', NULL, 0),
(275, '', 'CAMILO CARDENAS', '', '', 'BOGOTA', '', '5', 1, '2021-01-04 19:15:46', '2021-01-04 19:15:46', NULL, 0),
(276, '', 'RIGOBERTO SUAREZ', '', '', 'SOACHA', '', '5', 1, '2021-01-04 19:15:46', '2021-01-04 19:15:46', NULL, 0),
(277, '', 'MANUEL MARTINEZ', '', '', 'BOGOTA', '', '5', 1, '2021-01-04 19:15:46', '2021-01-04 19:15:46', NULL, 0),
(278, '', 'STOP LUCES Y LUJOS', '', '', 'BOSA BOGOTA', '', '5', 1, '2021-01-04 19:15:46', '2021-01-04 19:15:46', NULL, 0),
(279, '', 'AUTOLUJOS EL BRASIL', '371 71 68', '', 'CRA 50A #46-60 ITAGUI', '', '6', 1, '2021-01-04 19:15:46', '2021-01-04 19:15:46', NULL, 0),
(280, '', 'ALTO VOLTAJE', '', '', 'CRA 50A #45-42 ITAGUI FRENTE AL ASILO', '', '6', 1, '2021-01-04 19:15:46', '2021-01-04 19:15:46', NULL, 0),
(281, '', 'MOTO BALBINO', '', '', 'ITAGUI', '', '6', 1, '2021-01-04 19:15:46', '2021-01-04 19:15:46', NULL, 0),
(282, '', 'REPUESTOS LOROS', '', '', 'ITAGUI', '', '6', 1, '2021-01-04 19:15:47', '2021-01-04 19:15:47', NULL, 0),
(283, '', 'RETABAN', '', '', 'EL PLAYON ZAMORA', '', '6', 1, '2021-01-04 19:15:47', '2021-01-04 19:15:47', NULL, 0),
(284, '', 'AUTO STEREO DOÑA ANGELA', '', '', 'RIONEGRO', '', '6', 1, '2021-01-04 19:15:47', '2021-01-04 19:15:47', NULL, 0),
(285, '', 'LUBRITORNILLOS EL PARAISO', '4628348', '', 'CRA 52 #120A - 117 MEDELLIN', '', '6', 1, '2021-01-04 19:15:47', '2021-01-04 19:15:47', NULL, 0),
(286, '', 'SEGUNDAS JM', '', '', 'LOVAINA', '', '6', 1, '2021-01-04 19:15:47', '2021-01-04 19:15:47', NULL, 0),
(287, '', 'FERREAUTO ANTIOQUIA', '3228166811', '', 'CALLE 22 #26A-90 MARINILLA ANTIOQUIA', '', '6', 1, '2021-01-04 19:15:47', '2021-01-04 19:15:47', NULL, 0),
(288, '', 'NIXON', '', '', 'ITAGUI', '', '6', 1, '2021-01-04 19:15:47', '2021-01-04 19:15:47', NULL, 0),
(289, '', 'SUPER STAR', '', '', 'ITAGUI', '', '6', 1, '2021-01-04 19:15:47', '2021-01-04 19:15:47', NULL, 0),
(290, '', 'ALMACEN DE REPUESTOS LA BOMBA', '', '', 'MARINILLA', '', '6', 1, '2021-01-04 19:15:47', '2021-01-04 19:15:47', NULL, 0),
(291, '71333026', 'LUJOS BAM BAM', '', '', 'CRA. 42 #24-96 LC 114, PARQUEADERO ALPUJARRA', '', '6', 1, '2021-01-04 19:15:48', '2021-01-04 19:15:48', NULL, 0),
(292, '', 'REPUESTOS SEGUNDAS ZC', '', '', 'MEDELLIN', '', '6', 1, '2021-01-04 19:15:48', '2021-01-04 19:15:48', NULL, 0),
(293, '1037594096-0', 'POWER SOUND', '300 322 4312', '', 'CR 43A # 64 SUR - 195', '', '6', 1, '2021-01-04 19:15:48', '2021-01-04 19:15:48', NULL, 0),
(294, '901277639', 'SOMOS LUJOS S.A.S', '', '', 'CRA. 59 #45-26 BARRIO TRISTE, MEDELLIN', '', '6', 1, '2021-01-04 19:15:48', '2021-01-04 19:15:48', NULL, 0),
(295, '', 'GEOLUJOS', '451 0898', '', 'CLL. 51 #43-72 BELLO ANT.', '', '6', 1, '2021-01-04 19:15:48', '2021-01-04 19:15:48', NULL, 0),
(296, '', 'FERRETERIA GUAYABAL', '', '', 'CRA 52 GUAYABAL AL LADO MAXLUBRICANTES', '', '6', 1, '2021-01-04 19:15:48', '2021-01-04 19:15:48', NULL, 0),
(297, '', 'MOTO SHOP', '6152278', '', 'CRA 46 #49-65 RIONEGRO ANTIOQUIA', '', '6', 1, '2021-01-04 19:15:48', '2021-01-04 19:15:48', NULL, 0),
(298, '', 'MOTO FORTUNA', '', '', 'CRA 46 #49-13 SECTOR LA POLA RIONEGRO ANTIOQUIA', '', '6', 1, '2021-01-04 19:15:48', '2021-01-04 19:15:48', NULL, 0),
(299, '', 'BANDAS Y REPUESTOS EL PLAYON', '462 8612', '', 'CLL. 123 #52-65 EL PLAYON - MEDELLIN', '', '6', 1, '2021-01-04 19:15:49', '2021-01-04 19:15:49', NULL, 0),
(300, '', 'ELECTRO G', '', '', 'AV. 26 DE JULIO # 27 - 11 BOMBA GASOLINA ZEUS', '', '6', 1, '2021-01-04 19:15:49', '2021-01-04 19:15:49', NULL, 0),
(301, '', 'SECURITY FILMS', '4440422', '', 'CRA 73 #51-45 DIAMANTE', '', '6', 1, '2021-01-04 19:15:49', '2021-01-04 19:15:49', NULL, 0),
(302, '', 'ALMACEN ESPAMOTOS', '5045225', '', 'CALLE 44 # 71-88 SAN JUAN MEDELLIN', '', '6', 1, '2021-01-04 19:15:49', '2021-01-04 19:15:49', NULL, 0),
(303, '', 'MOTO CENTER', '5899205', '', 'CALLE 44 #90-11 SAN JUAN MEDELLIN', '', '6', 1, '2021-01-04 19:15:49', '2021-01-04 19:15:49', NULL, 0),
(304, '', 'MONA DEL DIAMANTE ANDES', '', '', '', '', '6', 1, '2021-01-04 19:15:49', '2021-01-04 19:15:49', NULL, 0),
(305, '', 'LUBRIOCHO DOÑA NORA', '', '', 'CLL 49 # 46 - 28 RIONEGRO - ANTIOQUIA', '', '6', 1, '2021-01-04 19:15:49', '2021-01-04 19:15:49', NULL, 0),
(306, '', 'CASCOS Y LUJOS DON HUMBERTO', '5615995', '', 'CARRERA 47 #49-02 RIONEGRO ANTIOQUIA', '', '6', 1, '2021-01-04 19:15:49', '2021-01-04 19:15:49', NULL, 0),
(307, '', 'LUBRIMOTOS', '6146524', '', 'CRA 47 #49-17 SECTOR LA POLA DIAG. A CASCOS Y LUJOS', '', '6', 1, '2021-01-04 19:15:50', '2021-01-04 19:15:50', NULL, 0),
(308, '', 'ONLY SOUND', '2600914', '', 'CALLE 51 #70A-08', '', '6', 1, '2021-01-04 19:15:50', '2021-01-04 19:15:50', NULL, 0),
(309, '', 'LINEA AUTOMOTOR EL DOCTOR DEL VIDRIO', '2304252', '', 'CALLE 51 #72-42', '', '6', 1, '2021-01-04 19:15:50', '2021-01-04 19:15:50', NULL, 0),
(310, '', 'LUBRICANTES SAN GERMAN', '', '311 619 5073', 'CALLE 65 # 74-105, MEDELLIN', '', '6', 1, '2021-01-04 19:15:50', '2021-01-04 19:15:50', NULL, 0),
(311, '', 'CRASH MOTOS', '', '', 'CALLE  44 # 88-14, MEDELLIN', '', '6', 1, '2021-01-04 19:15:50', '2021-01-04 19:15:50', NULL, 0),
(312, '', 'IMAGEN WORLD DESIGN', '', '3125637946', 'CALLE 44 (SAN JUAN) # 68A-33, MEDELLIN', '', '6', 1, '2021-01-04 19:15:50', '2021-01-04 19:15:50', NULL, 0),
(313, '', 'EXTINTORES Y LUBRICANTES', '', '', 'AUTOPISTA MEDELLIN-BOGOTA KM15', '', '6', 1, '2021-01-04 19:15:50', '2021-01-04 19:15:50', NULL, 0),
(314, '', 'MERCA LUJOS', '', '', 'BAYADERA', '', '6', 1, '2021-01-04 19:15:50', '2021-01-04 19:15:50', NULL, 0),
(315, '', 'LUBRI ACCESORIOS EL SILLETERO', '', '', 'SANTA ELENA', '', '6', 1, '2021-01-04 19:15:51', '2021-01-04 19:15:51', NULL, 0),
(316, '', 'MARGARITA BARRIO TRISTE', '', '3023687367', 'BARRIO TRISTE', '', '6', 1, '2021-01-04 19:15:51', '2021-01-04 19:15:51', NULL, 0),
(317, '', 'FULL AIRES  Y SONIDO', '', '', 'CLL. 44 # 66-87 SAN JUAN, MEDELLIN', '', '6', 1, '2021-01-04 19:15:51', '2021-01-04 19:15:51', NULL, 0),
(318, '', 'ALMACEN BATERIAS A&amp;G', '5040046', '', 'CRA 52 #14SUR-151', '', '6', 1, '2021-01-04 19:15:51', '2021-01-04 19:15:51', NULL, 0),
(319, '', 'AUDIOCAR LA 46', '4510300', '', 'CRA 46 #46A-31', '', '6', 1, '2021-01-04 19:15:51', '2021-01-04 19:15:51', NULL, 0),
(320, '', 'CLIENTE LOGI CHEVROLET', '', '', 'MEDELLIN', '', '6', 1, '2021-01-04 19:15:51', '2021-01-04 19:15:51', NULL, 0),
(321, '', 'CHAL-MOTOS', '3146855949', '', 'CALDAS DIAGONAL 53 CALLE 125 SUR -75', '', '6', 1, '2021-01-04 19:15:51', '2021-01-04 19:15:51', NULL, 0),
(322, '', 'LOGI CHEVROLET', '', '', 'CARRERA 74 #108-3', '', '6', 1, '2021-01-04 19:15:51', '2021-01-04 19:15:51', NULL, 0),
(323, '', 'JAIME LEON', '', '301 686 8120', 'MEDELLIN', '', '6', 1, '2021-01-04 19:15:52', '2021-01-04 19:15:52', NULL, 0),
(324, '', 'CONTINENTAL DE LUJOS MEDELLIN', '', '', 'BARRIO TRISTE', '', '6', 1, '2021-01-04 19:15:52', '2021-01-04 19:15:52', NULL, 0),
(325, '', 'POLO LUJOS MEDELLIN', '', '', 'BARRIO TRISTE', '', '6', 1, '2021-01-04 19:15:52', '2021-01-04 19:15:52', NULL, 0),
(326, '', 'ALMACEN Y TALLER MOTO PISTA', '', '', 'SECTOR LA VIRGEN', '', '6', 1, '2021-01-04 19:15:52', '2021-01-04 19:15:52', NULL, 0),
(327, '', 'LA ESQUINA DEL CASCO', '', '', '', '', '6', 1, '2021-01-04 19:15:52', '2021-01-04 19:15:52', NULL, 0),
(328, '', 'MOTO SHOCK MG', '', '', 'RIONEGRO ANTIOQUIA KRA 47 #56-72', '', '6', 1, '2021-01-04 19:15:52', '2021-01-04 19:15:52', NULL, 0),
(329, '', 'ZONA AUDIO', '', '', 'GUARNE', '', '6', 1, '2021-01-04 19:15:52', '2021-01-04 19:15:52', NULL, 0),
(330, '', 'ALMACEN Y TALLER ELECTRO GUARNE', '', '', 'CR. 53 #46-74, BOMBA BONANZA, GUARNE', '', '6', 1, '2021-01-04 19:15:52', '2021-01-04 19:15:52', NULL, 0),
(331, '', 'MUELLES Y EJES', '', '', 'ITAGUI', '', '6', 1, '2021-01-04 19:15:53', '2021-01-04 19:15:53', NULL, 0),
(332, '901260733-3', 'TRANSCOMERCIALIZADORA CAPI S.A.S.', '', '', 'CALLE 9 SUR #53D-59 OF. 213 MEDELLIN', '', '6', 1, '2021-01-04 19:15:53', '2021-01-04 19:15:53', NULL, 0),
(333, '', 'LUJOS GORI', '', '', 'AUTOPISTA MEDELLIN BOGOTA KM27 BOMBA TERPEL GUARNE', '', '6', 1, '2021-01-04 19:15:53', '2021-01-04 19:15:53', NULL, 0),
(334, '', 'MOTO FER', '', '', 'SAN VICENTE', '', '6', 1, '2021-01-04 19:15:53', '2021-01-04 19:15:53', NULL, 0),
(335, '900296641-6', 'MUELLES Y FRENOS SIMON BOLIVAR', '444 7232', '314 539 8777', 'CLL. 31 #41-15, ITAGUI', '', '6', 1, '2021-01-04 19:15:53', '2021-01-04 19:15:53', NULL, 0),
(336, '', 'POLO LUJOS RIO NEGRO', '', '', 'RIO NEGRO', '', '6', 1, '2021-01-04 19:15:53', '2021-01-04 19:15:53', NULL, 0),
(337, '', 'MUELLES PARQUEADERO EL TRIANGULO', '', '', 'GUARNE', '', '6', 1, '2021-01-04 19:15:53', '2021-01-04 19:15:53', NULL, 0),
(338, '', 'LUJOS TRICOLOR', '', '', '', '', '6', 1, '2021-01-04 19:15:53', '2021-01-04 19:15:53', NULL, 0),
(339, '', 'HORUS MOTOS', '', '', 'GUARNE', '', '6', 1, '2021-01-04 19:15:53', '2021-01-04 19:15:53', NULL, 0),
(340, '', 'RES MOTOS', '', '', 'MEDELLIN', '', '6', 1, '2021-01-04 19:15:54', '2021-01-04 19:15:54', NULL, 0),
(341, '', 'CAR MOTOS', '', '', 'MEDELLIN', '', '6', 1, '2021-01-04 19:15:54', '2021-01-04 19:15:54', NULL, 0),
(342, '', 'AMERICANA DE LUJOS', '231 7371', '', 'CLL 45 # 58-36 BRR TRISTE - MEDELLIN', '', '6', 1, '2021-01-04 19:15:54', '2021-01-04 19:15:54', NULL, 0),
(343, '', 'SAFETY SOUND', '', '', '', '', '6', 1, '2021-01-04 19:15:54', '2021-01-04 19:15:54', NULL, 0),
(344, '', 'UNIQUE CARS', '', '', 'CLL. 42 CON LA 71, BOLIVARIANA', '', '6', 1, '2021-01-04 19:15:54', '2021-01-04 19:15:54', NULL, 0),
(345, '', 'ALMACEN CASCOS Y LUJOS TAPICERIA', '281 4848', '3112974709', 'CRA. 52 #68-12 ITAGUI, SANTA MARIA', '', '6', 1, '2021-01-04 19:15:54', '2021-01-04 19:15:54', NULL, 0),
(346, '', 'ELECTRICOS W&amp;L', '', '', 'GUARNE', '', '6', 1, '2021-01-04 19:15:54', '2021-01-04 19:15:54', NULL, 0),
(347, '', 'RESMOTO', '034 306 2119', '', 'CALLE 27 #18-45 LA CEJA', '', '6', 1, '2021-01-04 19:15:54', '2021-01-04 19:15:54', NULL, 0),
(348, '', 'SUPER NOVA', '', '', 'SANTA CRUZ', '', '6', 1, '2021-01-04 19:15:54', '2021-01-04 19:15:54', NULL, 0),
(349, '', 'CRISTO MOTOS', '', '', 'CARRERA 49 #99-83 SANTA CRUZ', '', '6', 1, '2021-01-04 19:15:55', '2021-01-04 19:15:55', NULL, 0),
(350, '', 'ALMACEN RODAL MOTOS', '', '', 'CARABOBO - MEDELLIN', '', '6', 1, '2021-01-04 19:15:55', '2021-01-04 19:15:55', NULL, 0),
(351, '', 'ALINEACIONES Y SUSPENSIONES', '', '', '', '', '6', 1, '2021-01-04 19:15:55', '2021-01-04 19:15:55', NULL, 0),
(352, '', 'FAMCOSS', '301 645 53 73', '', 'BARRIO TRISTE MEDELLIN', '', '6', 1, '2021-01-04 19:15:55', '2021-01-04 19:15:55', NULL, 0),
(353, '901356374-6', 'AMERICAN TRUCKS JC S.A.S', '', '', 'CR 45 # 134 SUR - 144  VARIANTE CALDAS - CALDAS', '', '6', 1, '2021-01-04 19:15:55', '2021-01-04 19:15:55', NULL, 0),
(354, '', 'NATA LUJOS', '293 01 21', '', 'CLL 44A # 58-48  MEDELLIN', '', '6', 1, '2021-01-04 19:15:55', '2021-01-04 19:15:55', NULL, 0),
(355, '91260274-5', 'REPUESTOS ELECTRICOS AUTOMOTRIZ L.D.C SAS', '034 231 8040', '3206686222', 'CALLE 44A #57A - 44, MEDELLIN', '', '6', 1, '2021-01-04 19:15:55', '2021-01-04 19:15:55', NULL, 0),
(356, '', 'MOTORES FLORIDA', '', '', 'ROBLEDO', '', '6', 1, '2021-01-04 19:15:55', '2021-01-04 19:15:55', NULL, 0),
(357, '', 'EXPOLUJOS LA 30', '', '', 'CLL 29 # 44 -53', '', '6', 1, '2021-01-04 19:15:55', '2021-01-04 19:15:55', NULL, 0),
(358, '811019901-7', 'AUTOPARTES BELEN SAS', '034 339 6829', '', 'RIONEGRO', '', '6', 1, '2021-01-04 19:15:56', '2021-01-04 19:15:56', NULL, 0),
(359, '', 'MEGA AUDIO AUTOMOBILE SHOP', '531 6117', '', 'CR 47 # 61 - 13', '', '6', 1, '2021-01-04 19:15:56', '2021-01-04 19:15:56', NULL, 0),
(360, '', 'CENTRO DE SERVICIOS GENERALES CABECERAS', '562 8686', '', 'BLOQUE COMERCIAL FONDA CABECERAS', '', '6', 1, '2021-01-04 19:15:56', '2021-01-04 19:15:56', NULL, 0),
(361, '', 'LFC MOTOS', '', '', 'AV PRINCIPAL LA CEJA', '', '6', 1, '2021-01-04 19:15:56', '2021-01-04 19:15:56', NULL, 0),
(362, '', 'ALMACEN Y TALLER EL ALTERNADOR', '', '', 'CR 20 # 27 - 17', '', '6', 1, '2021-01-04 19:15:56', '2021-01-04 19:15:56', NULL, 0),
(363, '', 'MOTOCENTER', '', '', 'GUARNE', '', '6', 1, '2021-01-04 19:15:56', '2021-01-04 19:15:56', NULL, 0),
(364, '', 'EXPOLUJOS LA 33', '034 262 0117', '', 'CLL 37 # 51 - 35', '', '6', 1, '2021-01-04 19:15:56', '2021-01-04 19:15:56', NULL, 0),
(365, '', 'LUBRIREPUESTOS AL COSTO', '', '', 'CLL 49 # 49 - 39 SALIDA A YOLOMBAL - GUARNE', '', '6', 1, '2021-01-04 19:15:56', '2021-01-04 19:15:56', NULL, 0),
(366, '', 'LA OFICINA DE LAS MOTOS', '', '', 'CALDAS - ANTIOQUIA', '', '6', 1, '2021-01-04 19:15:56', '2021-01-04 19:15:56', NULL, 0);
INSERT INTO `clients` (`idClient`, `idNum`, `name`, `phone`, `cellphone`, `address`, `email`, `vendor`, `rate`, `updated_at`, `created_at`, `deleted_at`, `deleted`) VALUES
(367, '15909577-5', 'JAIRO CARDONA GALEANO', '', '', 'CLL 65 # 52 - 57 MEDELLIN - ANTIOQUIA', '', '6', 1, '2021-01-04 19:15:56', '2021-01-04 19:15:56', NULL, 0),
(368, '', 'TALLER DE MOTOS LA UNION', '', '301 737 6492', 'LA UNION', '', '6', 1, '2021-01-04 19:15:57', '2021-01-04 19:15:57', NULL, 0),
(369, '', 'AIRE LUJOS', '', '', 'MARINILLA', '', '6', 1, '2021-01-04 19:15:57', '2021-01-04 19:15:57', NULL, 0),
(370, '', 'CARBURADORES Y REPUESTOS', '', '304 5639462', 'CLL 65 # 52 - 59 MEDELLIN', '', '6', 1, '2021-01-04 19:15:57', '2021-01-04 19:15:57', NULL, 0),
(371, '', 'SUPER FRENOS Y REPUESTOS', '034 233 9373', '', 'CLL 65 # 52 A - 30 MEDELLIN', '', '6', 1, '2021-01-04 19:15:57', '2021-01-04 19:15:57', NULL, 0),
(372, '', 'JUAN GUILLERMO GALLO FLOREZ', '264 1780', '300 461 79 00', 'CLL 50 A # 82 - 125 AP 333 BRR CALASANZ', '', '6', 1, '2021-01-04 19:15:57', '2021-01-04 19:15:57', NULL, 0),
(373, '', 'SHOP AUDIO', '', '', 'ITAGUI', '', '7', 1, '2021-01-04 19:15:57', '2021-01-04 19:15:57', NULL, 0),
(374, '', 'NENE MOTOS', '', '', 'FLORENCIA', '', '7', 1, '2021-01-04 19:15:57', '2021-01-04 19:15:57', NULL, 0),
(375, '', 'FERRETERIA EL DESVARE', '', '', 'ARANJUEZ', '', '7', 1, '2021-01-04 19:15:57', '2021-01-04 19:15:57', NULL, 0),
(376, '', 'TOTAL CAR', '', '3106804087', 'GRATAMIRA', '', '7', 1, '2021-01-04 19:15:57', '2021-01-04 19:15:57', NULL, 0),
(377, '', 'ALMACEN MEGA PARTES', '4723930', '', 'CRA 73 #97-35 CASTILLA. LA MARACANA', '', '7', 1, '2021-01-04 19:15:57', '2021-01-04 19:15:57', NULL, 0),
(378, '', 'MOTO PITS', '4648697', '313 747 0535', 'CRA 67 #109-21 BOYACA LAS BRISAS', '', '7', 1, '2021-01-04 19:15:58', '2021-01-04 19:15:58', NULL, 0),
(379, '', 'MOMO LUJOS', '', '', 'CALLE 44 # 68A-19, MEDELLIN', '', '7', 1, '2021-01-04 19:15:58', '2021-01-04 19:15:58', NULL, 0),
(380, '', 'DAIRO MOTOS', '', '', 'EL SALVADOR', '', '7', 1, '2021-01-04 19:15:58', '2021-01-04 19:15:58', NULL, 0),
(381, '1037641496-5', 'REPUESTAUTOS', '270 5455', '', 'CRA. 41 # 40 SUR 19 ELDORADO - ENVIGADO', '', '7', 1, '2021-01-04 19:15:58', '2021-01-04 19:15:58', NULL, 0),
(382, '', 'CICLOMAX', '', '3196359454', 'CALLE 39SUR #40-49 ENVIGADO', '', '7', 1, '2021-01-04 19:15:58', '2021-01-04 19:15:58', NULL, 0),
(383, '', 'LOS OLANO', '', '', 'CALLE45 #36A-140 EL SALVADOR', '', '7', 1, '2021-01-04 19:15:58', '2021-01-04 19:15:58', NULL, 0),
(384, '', 'LYON AUDIO', '', '3104656151', 'CLLE 51#70A-14 MEDELLIN', '', '7', 1, '2021-01-04 19:15:58', '2021-01-04 19:15:58', NULL, 0),
(385, '', 'AUDIO VIDEO PILAS', '', '', 'CC EL DIAMANTE LOCAL 1685 MEDELLIN', '', '7', 1, '2021-01-04 19:15:58', '2021-01-04 19:15:58', NULL, 0),
(386, '', 'LA TITI', '', '', 'CALLE 51 #73-51 CONTIGUO AL CC DIAMANTE', '', '7', 1, '2021-01-04 19:15:58', '2021-01-04 19:15:58', NULL, 0),
(387, '', 'ANGEL STORE', '', '314 885 9272', 'CALLE 51 #73-24 MEDELLIN', '', '7', 1, '2021-01-04 19:15:59', '2021-01-04 19:15:59', NULL, 0),
(388, '', 'MULTITAB', '', '3146567154', 'CRA52 #49-76 CC MAYORISTAS DEL HUECO LOCAL 109', '', '7', 1, '2021-01-04 19:15:59', '2021-01-04 19:15:59', NULL, 0),
(389, '', 'DANI YEN', '', '3116803966', 'CR. 45 (EL PALO) # 48-50, MEDELLIN', '', '7', 1, '2021-01-04 19:15:59', '2021-01-04 19:15:59', NULL, 0),
(390, '', 'MAGIC MOVIL 2', '', '', 'PICHINCHA, MEDELLIN', '', '7', 1, '2021-01-04 19:15:59', '2021-01-04 19:15:59', NULL, 0),
(391, '', 'DANI YEN-2', '', '', 'CLL. 48 # 45-13 MEDELLIN', '', '7', 1, '2021-01-04 19:15:59', '2021-01-04 19:15:59', NULL, 0),
(392, '', 'TIENDA DEL CELULAR', '', '3116023975', 'CR. 50 #51-49 LOCAL 105 C.C ITAGUI', '', '7', 1, '2021-01-04 19:15:59', '2021-01-04 19:15:59', NULL, 0),
(393, '', 'MUNDO TECNOLOGICO', '', '', 'CR. 52 CL 42-60 C.C METRO CENTRO 1 LOCAL 217', '', '7', 1, '2021-01-04 19:15:59', '2021-01-04 19:15:59', NULL, 0),
(394, '', 'CELU TECHNY', '', '3185896726', 'ITAGUI', '', '7', 1, '2021-01-04 19:15:59', '2021-01-04 19:15:59', NULL, 0),
(395, '', 'MAO REPUESTOS', '', '3146429494', 'CASTILLA LA 73', '', '7', 1, '2021-01-04 19:16:00', '2021-01-04 19:16:00', NULL, 0),
(396, '', 'TECHNOMOTOS', '', '3107580815', 'CASTILLA', '', '7', 1, '2021-01-04 19:16:00', '2021-01-04 19:16:00', NULL, 0),
(397, '', 'COSS MOTOS', '', '', 'CL. 91A #67A-04,CASTILLA', '', '7', 1, '2021-01-04 19:16:00', '2021-01-04 19:16:00', NULL, 0),
(398, '', 'CICLO REPUESTOS LA 76', '', '', 'CR. 76C # 107A-146 BARRIO SANTANDER MEDELLIN', '', '7', 1, '2021-01-04 19:16:00', '2021-01-04 19:16:00', NULL, 0),
(399, '', 'ALMACEN ELECTRI REPUESTOS', '', '3008420405', 'CL. 75A #64C-17 CARIBE, MEDELLIN', '', '7', 1, '2021-01-04 19:16:00', '2021-01-04 19:16:00', NULL, 0),
(400, '', 'DASONIDOS', '', '', 'EL DIAMANTE', '', '7', 1, '2021-01-04 19:16:00', '2021-01-04 19:16:00', NULL, 0),
(401, '', 'MOTO MAX', '314 841 2356', '', 'CR. 75 #114-36 FLORENCIA', '', '7', 1, '2021-01-04 19:16:00', '2021-01-04 19:16:00', NULL, 0),
(402, '', 'MOTO BALEX', '', '', 'CR. 52 #112-15 PLAYON', '', '7', 1, '2021-01-04 19:16:01', '2021-01-04 19:16:01', NULL, 0),
(403, '', 'ZOOM ANDROID', '', '', 'C.C LAS SEIBAS CR. 42 #35 SUR 50 LOCAL 12A', '', '7', 1, '2021-01-04 19:16:01', '2021-01-04 19:16:01', NULL, 0),
(404, '', 'CORREAS Y MOTOS', '2764718 - 2702132', '310 379 21 51', 'ENVIGADO', '', '7', 1, '2021-01-04 19:16:01', '2021-01-04 19:16:01', NULL, 0),
(405, '', 'ALMACEN Y TALLER DE MOTOS CALLE LARGA', '', '', 'CL. 75 SUR 46D-66', '', '7', 1, '2021-01-04 19:16:01', '2021-01-04 19:16:01', NULL, 0),
(406, '', 'TODO MOTOS', '', '', 'CL. 40A #29A-10 LA MILAGROSA', '', '7', 1, '2021-01-04 19:16:01', '2021-01-04 19:16:01', NULL, 0),
(407, '', 'TALLER MOTO PART', '', '', 'CL. 50 #36-97', '', '7', 1, '2021-01-04 19:16:01', '2021-01-04 19:16:01', NULL, 0),
(408, '', 'MOTO SUR', '', '', 'CR. 48 #68 SUR 40 AV. LAS VEGAS, SABANETA', '', '7', 1, '2021-01-04 19:16:01', '2021-01-04 19:16:01', NULL, 0),
(409, '', 'MOTO CRISTIAN', '', '', 'CLL. 45 # 33 LA MILAGROSA', '', '7', 1, '2021-01-04 19:16:01', '2021-01-04 19:16:01', NULL, 0),
(410, '', 'MAX PIONER', '', '', 'SAN JUAN', '', '7', 1, '2021-01-04 19:16:01', '2021-01-04 19:16:01', NULL, 0),
(411, '', 'LUBRICANTES PILARICA', '', '', 'EL VOLADOR, CORDOBA', '', '7', 1, '2021-01-04 19:16:01', '2021-01-04 19:16:01', NULL, 0),
(412, '', 'LUBRICANTES GRATAMIRA', '', '', 'GRATAMIRA', '', '7', 1, '2021-01-04 19:16:01', '2021-01-04 19:16:01', NULL, 0),
(413, '', 'BM BIKE', '', '', 'CLL. 80 # 80-09, 12 DE OCTUBRE', '', '7', 1, '2021-01-04 19:16:02', '2021-01-04 19:16:02', NULL, 0),
(414, '', 'MOTO MEDELLIN', '', '', 'CRA. 44 #66-102, MANRIQUE', '', '7', 1, '2021-01-04 19:16:02', '2021-01-04 19:16:02', NULL, 0),
(415, '', 'LUBRICANTES PILARICA 2', '', '', 'CLL. 73 DIAGONAL 71-10, CORDOBA', '', '7', 1, '2021-01-04 19:16:02', '2021-01-04 19:16:02', NULL, 0),
(416, '', 'TALLER DE MOTOS Y REPUESTOS MEC', '321 606 3458', '', 'CRA. 47 #67-24, MANRIQUE', '', '7', 1, '2021-01-04 19:16:02', '2021-01-04 19:16:02', NULL, 0),
(417, '', 'MOTOS &amp; MOTOS', '', '', 'CRA. 83 #100F-08, 12 DE OCTUBRE', '', '7', 1, '2021-01-04 19:16:02', '2021-01-04 19:16:02', NULL, 0),
(418, '', 'FERRETERIA EL COLEGA', '494 0047', '', 'CLL. 102A #80-07, 12 DE OCTUBRE', '', '7', 1, '2021-01-04 19:16:02', '2021-01-04 19:16:02', NULL, 0),
(419, '', 'RG MOTOS', '578 8692', '', 'CLL. 103 #76-6 MEDELLIN, ANTIOQUIA', '', '7', 1, '2021-01-04 19:16:03', '2021-01-04 19:16:03', NULL, 0),
(420, '', 'LA TIENDA DEL CELULAR', '', '', 'CLL. 36 SUR #41-76, ENVIGADO', '', '7', 1, '2021-01-04 19:16:03', '2021-01-04 19:16:03', NULL, 0),
(421, '', 'JAC MOTOS', '', '', 'FLORENCIA', '', '7', 1, '2021-01-04 19:16:03', '2021-01-04 19:16:03', NULL, 0),
(422, '', 'CUKI', '', '', '', '', '7', 1, '2021-01-04 19:16:03', '2021-01-04 19:16:03', NULL, 0),
(423, '', 'ELITE SOUND', '', '', 'CRA. 73 #51-15, ESTADIO', '', '7', 1, '2021-01-04 19:16:03', '2021-01-04 19:16:03', NULL, 0),
(424, '', 'JMC ACCESORIOS', '218 1393', '', 'CRA. 35 #37-87, EL SALVADOR', '', '7', 1, '2021-01-04 19:16:03', '2021-01-04 19:16:03', NULL, 0),
(425, '', 'SF LUBRICANTES Y REPUESTOS', '506 1083', '', 'CRA. 30 #40A-16, LA MILAGROSA', '', '7', 1, '2021-01-04 19:16:03', '2021-01-04 19:16:03', NULL, 0),
(426, '', 'TECNICOS MG', '221 1647', '', 'CLL. 45 #30-55, LA MILAGROSA', '', '7', 1, '2021-01-04 19:16:03', '2021-01-04 19:16:03', NULL, 0),
(427, '', 'ALMACEN Y TALLER LA TORRE', '', '313 417 2786', 'CLL. 49 #9A-38, LOS CERROS - BUENOS AIRES', '', '7', 1, '2021-01-04 19:16:03', '2021-01-04 19:16:03', NULL, 0),
(428, '', 'MOTO REPUESTOS BUENOS AIRES', '', '', 'CLL. 49 #29, BUENOS AIRES', '', '7', 1, '2021-01-04 19:16:04', '2021-01-04 19:16:04', NULL, 0),
(429, '', 'MOTO MANRIQUE', '', '', 'MANRIQUE', '', '7', 1, '2021-01-04 19:16:04', '2021-01-04 19:16:04', NULL, 0),
(430, '', 'YIVER MOTOS', '313 444 5020', '311 734 5367', 'CRA. 80 #77B-86, MEDELLIN - ROBLEDO', '', '7', 1, '2021-01-04 19:16:04', '2021-01-04 19:16:04', NULL, 0),
(431, '', 'MILLA 52', '', '', 'CRA. 52 # 55-25, OBRA 2.000 - BELLO', '', '7', 1, '2021-01-04 19:16:04', '2021-01-04 19:16:04', NULL, 0),
(432, '', 'MIL MOTOS TALLER Y ALMACEN DE REPUESTOS', '', '', 'CLL. 53 - 52 BELLO', '', '7', 1, '2021-01-04 19:16:04', '2021-01-04 19:16:04', NULL, 0),
(433, '', 'ALEX MACRO', '', '', '', '', '7', 1, '2021-01-04 19:16:04', '2021-01-04 19:16:04', NULL, 0),
(434, '', 'DON ALBERTO', '', '', 'PILARICA', '', '7', 1, '2021-01-04 19:16:04', '2021-01-04 19:16:04', NULL, 0),
(435, '', 'LOS OLANO BOGOTA', '3059113970', '', 'SUBA BOGOTA', '', '7', 1, '2021-01-04 19:16:04', '2021-01-04 19:16:04', NULL, 0),
(436, '', 'LUJOS Y ACCESORIOS JUNIOR', '', '', 'BOGOTA', '', '8', 1, '2021-01-04 19:16:04', '2021-01-04 19:16:04', NULL, 0),
(437, '', 'IMPORLED', '', '', 'ESTANZUELA', '', '8', 1, '2021-01-04 19:16:05', '2021-01-04 19:16:05', NULL, 0),
(438, '', 'LUJOS Y BOCELES LA 18', '', '310 209 0034', 'BOGOTA', 'ATRUCKSJC@GMAIL.COM', '8', 1, '2021-01-04 19:16:05', '2021-01-04 19:16:05', NULL, 0),
(439, '', 'LUJOS BOYACA', '', '', 'JOSE 4X4 BOGOTA', '', '8', 1, '2021-01-04 19:16:05', '2021-01-04 19:16:05', NULL, 0),
(440, '', 'LILIANA ROBERTO', '', '', 'BOGOTA', '', '8', 1, '2021-01-04 19:16:05', '2021-01-04 19:16:05', NULL, 0),
(441, '', 'AUTOLUJOS JOHANA', '', '', 'BOGOTA ROBERTO', '', '8', 1, '2021-01-04 19:16:05', '2021-01-04 19:16:05', NULL, 0),
(442, '', 'JUAN CARLOS VARGAS', '', '', 'ESTANZUELA', '', '8', 1, '2021-01-04 19:16:05', '2021-01-04 19:16:05', NULL, 0),
(443, '', 'LUJOS LA 18', '', '', 'LA ESTANZUELA', '', '8', 1, '2021-01-04 19:16:05', '2021-01-04 19:16:05', NULL, 0),
(444, '', 'CUMPLE EXTINTORES', '', '320 433 1784', 'ANA DIAS ESTANZUELA', 'MEGAAUDIOAUTO@GMAIL.COM', '8', 1, '2021-01-04 19:16:05', '2021-01-04 19:16:05', NULL, 0),
(445, '', 'YIRETH LILIANA', '', '', 'LA ESTANZUELA', '', '8', 1, '2021-01-04 19:16:05', '2021-01-04 19:16:05', NULL, 0),
(446, '', 'LUJOS CALDERON', '', '310 839 8571', 'ESTANZUELA BOGOTA', 'CENSERGENCAB@HOTMAIL.COM', '8', 1, '2021-01-04 19:16:05', '2021-01-04 19:16:05', NULL, 0),
(447, '', 'GAS MONKEY', '', '', 'ALEXANDER ESTANZUELA', '', '8', 1, '2021-01-04 19:16:05', '2021-01-04 19:16:05', NULL, 0),
(448, '', 'LUJOS Y SEGUNDAS ST', '', '', 'ESTANZUELA', '', '8', 1, '2021-01-04 19:16:05', '2021-01-04 19:16:05', NULL, 0),
(449, '', 'JHON LA SEXTA', '', '', 'LA SEXTA BOGOTA', '', '8', 1, '2021-01-04 19:16:05', '2021-01-04 19:16:05', NULL, 0),
(450, '', 'YEFERSON HIJO WILLIAM', '', '', 'TIENDA GARAJE ESTANZUELA', '', '8', 1, '2021-01-04 19:16:06', '2021-01-04 19:16:06', NULL, 0),
(451, '', 'AUTO LUJOS JC', '', '', 'ESTANZUELA', '', '8', 1, '2021-01-04 19:16:06', '2021-01-04 19:16:06', NULL, 0),
(452, '', 'LUJOS Y ACCESORIOS LA 18', '', '321 753 9665', 'LA 18 BOGOTA', '', '8', 1, '2021-01-04 19:16:06', '2021-01-04 19:16:06', NULL, 0),
(453, '', 'REPRESENTACIONES YENY', '', '', 'ESQUINA ESTANZUELA', '', '8', 1, '2021-01-04 19:16:06', '2021-01-04 19:16:06', NULL, 0),
(454, '', 'AUTO CITY', '', '', 'ESTANZUELA', '', '8', 1, '2021-01-04 19:16:06', '2021-01-04 19:16:06', NULL, 0),
(455, '', 'CAMILUJOS', '', '401 9360', '', '', '8', 1, '2021-01-04 19:16:06', '2021-01-04 19:16:06', NULL, 0),
(456, '', 'AUTO LUJOS LA 18', '', '', 'YOHANA ESTANZUELA', '', '8', 1, '2021-01-04 19:16:07', '2021-01-04 19:16:07', NULL, 0),
(457, '', 'CARLOS FACARZ', '', '', '', '', '8', 1, '2021-01-04 19:16:07', '2021-01-04 19:16:07', NULL, 0),
(458, '', 'DOÑA YANETH (TIA DAVID)', '', '304 200 1024', 'BOGOTA', '', '8', 1, '2021-01-04 19:16:07', '2021-01-04 19:16:07', NULL, 0),
(459, '', 'ELECTROLUJOS LA 17', '', '', 'BOGOTA', '', '8', 1, '2021-01-04 19:16:07', '2021-01-04 19:16:07', NULL, 0),
(460, '', 'DON YON LA SEXTA', '', '312 831 2093', 'BOGOTA', '', '8', 1, '2021-01-04 19:16:07', '2021-01-04 19:16:07', NULL, 0),
(461, '', 'ALEXANDER POLANI', '', '', 'BOGOTA', '', '8', 1, '2021-01-04 19:16:07', '2021-01-04 19:16:07', NULL, 0),
(462, '', 'JESUS ARLEY', '313 747 53 97', '', 'CRA 18 #17-71    BOGOTA', '', '8', 1, '2021-01-04 19:16:07', '2021-01-04 19:16:07', NULL, 0),
(463, '', 'JOSE PAVA', '', '', '', '', '8', 1, '2021-01-04 19:16:07', '2021-01-04 19:16:07', NULL, 0),
(464, '', 'DANIEL RODRIGUEZ', '', '', '', '', '8', 1, '2021-01-04 19:16:08', '2021-01-04 19:16:08', NULL, 0),
(465, '', 'EFRAIN AVENDAÑO', '', '', 'ESTANZUELA', '', '8', 1, '2021-01-04 19:16:08', '2021-01-04 19:16:08', NULL, 0),
(466, '', 'CARLOS FRANCO', '', '', 'PRIMERA MAYO CON BOYACA', '', '8', 1, '2021-01-04 19:16:08', '2021-01-04 19:16:08', NULL, 0),
(467, '', 'DOÑA CATALINA', '', '', '', '', '8', 1, '2021-01-04 19:16:08', '2021-01-04 19:16:08', NULL, 0),
(468, '', 'DON ANDRES', '', '', '', '', '8', 1, '2021-01-04 19:16:08', '2021-01-04 19:16:08', NULL, 0),
(469, '', 'IRENE DIAZ', '', '', '', '', '8', 1, '2021-01-04 19:16:08', '2021-01-04 19:16:08', NULL, 0),
(470, '', 'RICHARD ALONSO', '', '', '', '', '8', 1, '2021-01-04 19:16:08', '2021-01-04 19:16:08', NULL, 0),
(471, '', 'SURTIMAX EL CARMEN', '', '3207088200', 'BOGOTA', '', '8', 1, '2021-01-04 19:16:08', '2021-01-04 19:16:08', NULL, 0),
(472, '', 'JOSE GOMEZ', '', '3014492415', 'CRA 72 I BIS SUR 38D-46', '', '8', 1, '2021-01-04 19:16:08', '2021-01-04 19:16:08', NULL, 0),
(473, '', 'RICHARD KEVIN', '3202511919', '', 'BOGOTA', '', '8', 1, '2021-01-04 19:16:08', '2021-01-04 19:16:08', NULL, 0),
(474, '', 'YOHANA CARVAJAL', '3006466899', '301 579 5691', 'LA ESTANZUELA', '', '8', 1, '2021-01-04 19:16:09', '2021-01-04 19:16:09', NULL, 0),
(475, '', 'WILMAR MONRROY NANO', '', '', '', '', '8', 1, '2021-01-04 19:16:09', '2021-01-04 19:16:09', NULL, 0),
(476, '', 'TATIANA LA ESTANZUELA', '', '', 'LA ESTANZUELA', '', '8', 1, '2021-01-04 19:16:09', '2021-01-04 19:16:09', NULL, 0),
(477, '', 'FREDY REVOLUTION', '', '', 'LA ESTANZUELA', '', '8', 1, '2021-01-04 19:16:09', '2021-01-04 19:16:09', NULL, 0),
(478, '', 'YELI SURTIFAROS', '', '', '', '', '8', 1, '2021-01-04 19:16:09', '2021-01-04 19:16:09', NULL, 0),
(479, '', 'LUJOS CHASIS TUNING', '3006239669', '', 'LA ESTANZUELA', '', '8', 1, '2021-01-04 19:16:09', '2021-01-04 19:16:09', NULL, 0),
(480, '', 'ALMACEN DE REPUESTOS CARLOS', '', '', 'BELLO', '', '9', 1, '2021-01-04 19:16:09', '2021-01-04 19:16:09', NULL, 0),
(481, '', 'TAXIMETROS BETO', '', '', 'CLL 47 #45-81  BELLO', '', '9', 1, '2021-01-04 19:16:09', '2021-01-04 19:16:09', NULL, 0),
(482, '', 'TODO CHAPAS', '', '', 'BELLO', '', '9', 1, '2021-01-04 19:16:09', '2021-01-04 19:16:09', NULL, 0),
(483, '800092727-1', 'REDU INVERSIONES', '232 3075', '', 'CRA 52 #38-07  LA BAYADERA', '', '9', 1, '2021-01-04 19:16:10', '2021-01-04 19:16:10', NULL, 0),
(484, '', 'SAM PARTES ELECTRICAS', '', '', 'CARIBE', '', '9', 1, '2021-01-04 19:16:10', '2021-01-04 19:16:10', NULL, 0),
(485, '', 'LA MONA DEL DIAMANTE', '', '', 'EL DIAMANTE MEDELLIN', '', '9', 1, '2021-01-04 19:16:10', '2021-01-04 19:16:10', NULL, 0),
(486, '', 'EURO CYCLE', '', '', 'LA BAYADERA', '', '9', 1, '2021-01-04 19:16:10', '2021-01-04 19:16:10', NULL, 0),
(487, '', 'MAX LUBRICANTES', '6036637', '', 'CRA 52 #1-151 GUAYABAL', '', '9', 1, '2021-01-04 19:16:10', '2021-01-04 19:16:10', NULL, 0),
(488, '', 'MOTO RUN', '', '', 'CR. 25A #73-40 PARIS - BELLO', '', '9', 1, '2021-01-04 19:16:10', '2021-01-04 19:16:10', NULL, 0),
(489, '811010230-2', 'INVERSIONES MAX S.A.S', '448 30 31', '', 'CLL. 44 #68-75, MEDELLIN', '', '9', 1, '2021-01-04 19:16:10', '2021-01-04 19:16:10', NULL, 0),
(490, '', 'LAVA AUTOS LOS MAGOS', '', '311 304 9214', '12 DE OCTUBRE', '', '9', 1, '2021-01-04 19:16:10', '2021-01-04 19:16:10', NULL, 0),
(491, '', 'PAREAUTOS', '', '311 307 9952', '', '', '9', 1, '2021-01-04 19:16:10', '2021-01-04 19:16:10', NULL, 0),
(492, '', 'ECOLUJOS', '272 2080', '', 'CARRERA 45 #46-74 BELLO', '', '9', 1, '2021-01-04 19:16:10', '2021-01-04 19:16:10', NULL, 0),
(493, '', 'LUBRICANTES EDUARD', '', '', 'AV. GUAYABAL', '', '9', 1, '2021-01-04 19:16:10', '2021-01-04 19:16:10', NULL, 0),
(494, '', 'MOTO REPUESTOS MUÑOZ', '860 5314', '', 'CARRERA 38 #28-54 VARIANTE SANTA ROSA DE OSOS', '', '9', 1, '2021-01-04 19:16:11', '2021-01-04 19:16:11', NULL, 0),
(495, '', 'LUJOS JL', '', '319 728 5444', '', '', '9', 1, '2021-01-04 19:16:11', '2021-01-04 19:16:11', NULL, 0),
(496, '', 'SERVI CHAPAS', '', '', '', '', '9', 1, '2021-01-04 19:16:11', '2021-01-04 19:16:11', NULL, 0),
(497, '', 'MAXILUJOS', '', '', '', '', '9', 1, '2021-01-04 19:16:11', '2021-01-04 19:16:11', NULL, 0),
(498, '811039882-0', 'COMERCIALIZADORA JAGIR SAS', '232 3373', '', 'CR 52 # 38 - 58 MEDELLIN - ANTIOQUIA', 'contabilidad@correamotos.com.co', '9', 1, '2021-01-04 19:16:11', '2021-01-04 19:16:11', NULL, 0),
(499, '', 'MOTO PEOPLE', '', '301 96 58', '', '', '9', 1, '2021-01-04 19:16:11', '2021-01-04 19:16:11', NULL, 0),
(500, '', 'MOTO REPUESTOS SALVADOR', '', '', 'CLL 45 #35-27 SECTOR COLEGIO LA OZANAM', '', '9', 1, '2021-01-04 19:16:12', '2021-01-04 19:16:12', NULL, 0),
(501, '', 'TORNIMOTOS', '', '', '', '', '9', 1, '2021-01-04 19:16:12', '2021-01-04 19:16:12', NULL, 0),
(502, '', 'SERVICENTRO AUTOMOTRIZ EL CARRETERO', '452 16 50 - 457 70 26', '', 'TRANSV. 56A #55A - 45 EL CARRETERO BELLO', '', '9', 1, '2021-01-04 19:16:12', '2021-01-04 19:16:12', NULL, 0),
(503, '1020411831', 'MOTO ACCESORIOS JT', '', '', 'ITAGUI', '', '9', 1, '2021-01-04 19:16:12', '2021-01-04 19:16:12', NULL, 0),
(504, '', 'REPUESTOS ORI', '', '', 'AV. GUAYABAL - CRISTO REY', '', '9', 1, '2021-01-04 19:16:12', '2021-01-04 19:16:12', NULL, 0),
(505, '', 'LA FLACA BELLO', '', '', 'BELLO', '', '9', 1, '2021-01-04 19:16:12', '2021-01-04 19:16:12', NULL, 0),
(506, '', 'MOTO PRISMA', '314 675 44 69', '', 'CRA 43 #33 SUR 56  ENVIGADO', '', '9', 1, '2021-01-04 19:16:12', '2021-01-04 19:16:12', NULL, 0),
(507, '', 'MOTO MUÑOZ', '', '', 'CRA 78 #43 SUR 25 EL CHISPERO', '', '9', 1, '2021-01-04 19:16:12', '2021-01-04 19:16:12', NULL, 0),
(508, '', 'MOTOREPUESTOS PRADO', '286 59 53', '', 'CRA 78 # SUR 49 SECTOR EL CHISPERO - SAN ANTONIO DE PRADO', '', '9', 1, '2021-01-04 19:16:12', '2021-01-04 19:16:12', NULL, 0),
(509, '', 'MOTOS RT', '509 44 65', '', 'CRA 76 #88A-16  MEDELLIN - LOPEZ DE MESA', '', '9', 1, '2021-01-04 19:16:12', '2021-01-04 19:16:12', NULL, 0),
(510, '', 'REPUESTOS LONDOÑO', '', '', 'DITAIRES', '', '9', 1, '2021-01-04 19:16:13', '2021-01-04 19:16:13', NULL, 0),
(511, '1035420965', 'DIANA LLISEL QUICENO GARCIA', '', '', 'CLLE 126 CRA 50B 15 SEGUNDO PISO BARRIO EL PLAYON', '', '9', 1, '2021-01-04 19:16:13', '2021-01-04 19:16:13', NULL, 0),
(512, '1026146586', 'ESNEIDER AVENDAÑO', '', '301 572 1889', 'CARRERA 53 # 55 - 06, CENTRO MEDELLIN', '', '9', 1, '2021-01-04 19:16:13', '2021-01-04 19:16:13', NULL, 0),
(513, '', 'TECNOMOTOS', '', '', 'CR 65 #103-35  BARRIO GIRARDOT', '', '9', 1, '2021-01-04 19:16:13', '2021-01-04 19:16:13', NULL, 0),
(514, '', 'MOTO WILY', '597 2564', '', 'CALLE 52 # 48 - 40, COPACABANA', '', '9', 1, '2021-01-04 19:16:13', '2021-01-04 19:16:13', NULL, 0),
(515, '811004307-6', 'COMERCIAL MARLUJOS SAS', '4 448 0293', '', 'CR 52 # 38 - 03', '', '9', 1, '2021-01-04 19:16:13', '2021-01-04 19:16:13', NULL, 0),
(516, '', 'MOTO PAINT BELLO', '602 2462', '323 354 0479', 'CARRERA 50 # 33 - 51 BARRRIO OBRERO, BELLO', '', '9', 1, '2021-01-04 19:16:13', '2021-01-04 19:16:13', NULL, 0),
(517, '', 'MOTO MANIA', '', '', '', '', '9', 1, '2021-01-04 19:16:13', '2021-01-04 19:16:13', NULL, 0),
(518, '71640968-8', 'RESTAURAMOS Y ACCESORIOS MM', '300 273 2672', '', 'CALLE 42A SUR # 76A - 68 SAN ANTONIO DE PRADO', '', '9', 1, '2021-01-04 19:16:13', '2021-01-04 19:16:13', NULL, 0),
(519, '9003748581', 'E&amp;M DIESEL', '448 2646', '', 'DG. 52 AV. 15A - 351 PARQUE CENTRO LOGISTICA DEL NORTE', '', '9', 1, '2021-01-04 19:16:14', '2021-01-04 19:16:14', NULL, 0),
(520, '', 'CESAR ELECTRICO', '', '301 523 1111', 'CENTRO', '', '9', 1, '2021-01-04 19:16:14', '2021-01-04 19:16:14', NULL, 0),
(521, '1036666549', 'FERRO BELEN', '312 837 5037', '', 'CR 22 # 20 - 55', '', '9', 1, '2021-01-04 19:16:14', '2021-01-04 19:16:14', NULL, 0),
(522, '', 'AUTO LUJOS LA 45', '', '312 621 8603', '', '', '9', 1, '2021-01-04 19:16:14', '2021-01-04 19:16:14', NULL, 0),
(523, '71228877', 'MARIO ALBERTO RESTREPO', '313 688 1973', '', 'CRA 46 # 46 - 17 APTO 301', '', '9', 1, '2021-01-04 19:16:14', '2021-01-04 19:16:14', NULL, 0),
(524, '', 'GENIUS CAR LUJOS Y ACCESORIOS', '232 3561', '301 350 9603', 'CRA 46 # 30 - 68 BRR COLOMBIA', '', '9', 1, '2021-01-04 19:16:14', '2021-01-04 19:16:14', NULL, 0),
(525, '', 'JULIAN NARANJO', '', '', 'FLORENCIA', '', '9', 1, '2021-01-04 19:16:14', '2021-01-04 19:16:14', NULL, 0),
(526, '811027786-1', 'ECOLLANTAS SAS', '', '318 500 1907', 'CRA 52 # 38 - 70 SECTOR LA BAYADERA', '', '9', 1, '2021-01-04 19:16:14', '2021-01-04 19:16:14', NULL, 0),
(527, '70518414-5', 'AUDIO LINE', '260 5664', '', 'CRA 71 # 51 - 08', '', '9', 1, '2021-01-04 19:16:14', '2021-01-04 19:16:14', NULL, 0),
(528, '', 'LUJOS LEO', '', '', 'BELLO', '', '9', 1, '2021-01-04 19:16:14', '2021-01-04 19:16:14', NULL, 0),
(529, '', 'PROMOTOS', '', '', 'BARRIO NUEVO', '', '9', 1, '2021-01-04 19:16:15', '2021-01-04 19:16:15', NULL, 0),
(530, '1035233552', 'ADRIAN JARAMILLO GIRALDO', '310 643 0564', '311 320 8555', 'DON MATIAS', '', '9', 1, '2021-01-04 19:16:15', '2021-01-04 19:16:15', NULL, 0),
(531, '', 'PERFOR MOTOS', '461 0061', '', 'CR 45 # 20 E - 26 ZAMORA', '', '9', 1, '2021-01-04 19:16:15', '2021-01-04 19:16:15', NULL, 0),
(532, '', 'JHONY', '', '313 844 8738', '', 'MILLA52SAS@GMAIL.COM', '9', 1, '2021-01-04 19:16:15', '2021-01-04 19:16:15', NULL, 0),
(533, '', 'AUTOLUJOS LA 45 #1', '', '304 667 6297', 'CLL 45 # 29 - 40 MEDELLIN - ANTIOQUIA', '', '9', 1, '2021-01-04 19:16:15', '2021-01-04 19:16:15', NULL, 0),
(534, '10172740403', 'LUJOS Y ACCESORIOS FIRMA Y LOS OLANO', '3177623095', '', 'CARRERA 53 No. 39  24  MEDELLÍN, ANTIOQUIA, COLOMBIA', '', '9', 1, '2021-01-04 19:16:15', '2021-01-04 19:16:15', NULL, 0),
(535, '1036661808-1', 'MANUELA RAMIREZ CALDERON', '', '', 'CR 76 CLL 53 - 90 MEDELLIN', '', '9', 1, '2021-01-04 19:16:15', '2021-01-04 19:16:15', NULL, 0),
(536, '', 'AURA ANGELICA MENDOZA MORA', '', '', 'DG 28 # 29 - 27 CONJUNTO GIRASOL TORRE 14 APTO 204, SOACHA - BOGOTA', '', '9', 1, '2021-01-04 19:16:15', '2021-01-04 19:16:15', NULL, 0),
(537, '76303559-2', 'TOYO CARS', '', '', 'CLL 31 # 46 - 09 MEDELLIN', '', '9', 1, '2021-01-04 19:16:15', '2021-01-04 19:16:15', NULL, 0),
(538, '', 'REAL VIDRIOS SABANETA', '313 708 26 50', '', 'SABANETA', '', '9', 1, '2021-01-04 19:16:16', '2021-01-04 19:16:16', NULL, 0),
(539, '', 'AUTO MOTO', '', '', '', '', '9', 1, '2021-01-04 19:16:16', '2021-01-04 19:16:16', NULL, 0),
(540, '', 'MOTO TRACK', '', '', 'DIAGONAL 44 #32-37, VIA MACHADO - COPACABANA', '', '10', 1, '2021-01-04 19:16:16', '2021-01-04 19:16:16', NULL, 0),
(541, '', 'PELLONES Y PELLONES', '', '', 'VIA MACHADO FRENTE A IGLESIA', '', '10', 1, '2021-01-04 19:16:16', '2021-01-04 19:16:16', NULL, 0),
(542, '', 'REPUESTOS Y ACCESORIOS AUTO MOTORES', '274 0833', '', 'CALLE 52 #49-20 COPACABANA - ANTIOQUIA', '', '10', 1, '2021-01-04 19:16:16', '2021-01-04 19:16:16', NULL, 0),
(543, '', 'LUBRICANTES MYM', '', '', 'LA GABRIELA', '', '10', 1, '2021-01-04 19:16:16', '2021-01-04 19:16:16', NULL, 0),
(544, '', 'PREMIUM MOTOS', '274 7323', '', 'CALLE 52 #48-46 COPACABANA - ANTIOQUIA', '', '10', 1, '2021-01-04 19:16:16', '2021-01-04 19:16:16', NULL, 0),
(545, '', 'MAS PINTURAS', '', '', 'CARRERA 52 #49-196 COPACABANA - ANTIOQUIA', '', '10', 1, '2021-01-04 19:16:16', '2021-01-04 19:16:16', NULL, 0),
(546, '', 'LUJOS Y REPUESTOS TAPICERIA COPACABANA', '612 6457', '', 'CALLE 53 #47A-49 COPACABANA - ANTIOQUIA', '', '10', 1, '2021-01-04 19:16:16', '2021-01-04 19:16:16', NULL, 0),
(547, '', 'MOTO LLANTAS GIRARDOTA', '', '', '', '', '10', 1, '2021-01-04 19:16:16', '2021-01-04 19:16:16', NULL, 0),
(548, '', 'MOTO SPORT', '', '', 'CALLE 6 #18-01 GIRARDOTA ANTIOQUIA', '', '10', 1, '2021-01-04 19:16:17', '2021-01-04 19:16:17', NULL, 0),
(549, '', 'RENAULT BELEN', '256 2346', '', 'CALLE 31 #55-75 BELEN MEDELLIN', '', '10', 1, '2021-01-04 19:16:17', '2021-01-04 19:16:17', NULL, 0),
(550, '', 'LUJOS Y ACCESORIOS JTC', '', '', 'BELEN', '', '10', 1, '2021-01-04 19:16:17', '2021-01-04 19:16:17', NULL, 0),
(551, '', 'LUJOS Y ACCESORIOS MT', '', '', 'CLL 50 #62-230 COPACABANA', '', '10', 1, '2021-01-04 19:16:17', '2021-01-04 19:16:17', NULL, 0),
(552, '', 'MOTO PLANET', '341 45 76', '', 'CRA 79 #1-137 BELEN RINCON', '', '10', 1, '2021-01-04 19:16:17', '2021-01-04 19:16:17', NULL, 0),
(553, '', 'MIRO MOTOS', '448 2117', '', 'CALLE 44 (SAN JUAN) #77-21', '', '10', 1, '2021-01-04 19:16:17', '2021-01-04 19:16:17', NULL, 0),
(554, '', 'MAX CASCOS', '', '', '', '', '10', 1, '2021-01-04 19:16:17', '2021-01-04 19:16:17', NULL, 0),
(555, '900995526-6', 'CASA DE LOS LUJOS SAS', '328 3734', '', 'AV. SIMON BOLIVAR # 80 - 08, DOSQUEBRADAS', '', '10', 1, '2021-01-04 19:16:17', '2021-01-04 19:16:17', NULL, 0),
(556, '901378551-8', 'MOTOCASCOS MANIZALES', '897 8975', '', 'CLL 15 # 22 - 51 MANIZALES', '', '10', 1, '2021-01-04 19:16:17', '2021-01-04 19:16:17', NULL, 0),
(557, '', 'MOTO LED\'S', '', '', 'CRA 7 #12-63 PEREIRA, RISARALDA', '', '10', 1, '2021-01-04 19:16:18', '2021-01-04 19:16:18', NULL, 0),
(558, '', 'AUTO LUJOS', '(6) 733 9962', '', 'CARRERA 20 #12-35 ARMENIA', '', '10', 1, '2021-01-04 19:16:18', '2021-01-04 19:16:18', NULL, 0),
(559, '', 'LUJOS NASCAR', '', '', 'CRA 20 A 11-93 ARMENIA', '', '10', 1, '2021-01-04 19:16:18', '2021-01-04 19:16:18', NULL, 0),
(560, '9871227-4', 'LA CASA DE LOS LUJOS PEREIRA', '335 9605', '', 'CR 12 # 24 - 85', '', '10', 1, '2021-01-04 19:16:19', '2021-01-04 19:16:19', NULL, 0),
(561, '66871461-9', 'SUPER LUJOS LA 10', '', '', 'CLL 10A #7-70  CARTAGO', '', '10', 1, '2021-01-04 19:16:19', '2021-01-04 19:16:19', NULL, 0),
(562, '16888247-1', 'FERRETERIA Y TORNILLERIA AUTOPARTES Y LUJOS J.M', '', '', 'CRA 5 #30-48  CALI', '', '10', 1, '2021-01-04 19:16:19', '2021-01-04 19:16:19', NULL, 0),
(563, '', 'MISCELANEA ZULUGON', '448 06 48', '', 'CLL 25 #11B-15  CALI', '', '10', 1, '2021-01-04 19:16:19', '2021-01-04 19:16:19', NULL, 0),
(564, '', 'LUJOS Y PLOTER GUADALUPE', '399 45 04', '', 'CLL 25 #11 G 29  CALI', '', '10', 1, '2021-01-04 19:16:19', '2021-01-04 19:16:19', NULL, 0),
(565, '6090223', 'ELECTRICOS PARRALES', '', '', 'CLL 23 #12-83  CALI', '', '10', 1, '2021-01-04 19:16:19', '2021-01-04 19:16:19', NULL, 0),
(566, '', 'LUJOS SION', '', '', 'CLL 25 #11B-28  CALI', '', '10', 1, '2021-01-04 19:16:19', '2021-01-04 19:16:19', NULL, 0),
(567, '7225910-1', 'MONO LUJOS', '', '', 'CARRERA 20H #14B - 107 SECTOR CENCAR, YUMBO - VALLE DEL CAUCA', '', '10', 1, '2021-01-04 19:16:19', '2021-01-04 19:16:19', NULL, 0),
(568, '890319045-1', 'ALMACEN AUTO FARO', '884 2927', '', 'CARRERA 15 #23 - 09 BRR OBRERO, CALI - COLOMBIA', '', '10', 1, '2021-01-04 19:16:19', '2021-01-04 19:16:19', NULL, 0),
(569, '900850811-8', 'WHEEL COMPANY COLOMBIA SAS', '315 2211', '', 'CARRERA 42 # 8 - 35', '', '10', 1, '2021-01-04 19:16:19', '2021-01-04 19:16:19', NULL, 0),
(570, '31132880-4', 'PARABRISAS Y ACCESORIOS LA 42', '285 5382', '', 'CALLE 42 #23 7- 5, PALMIRA', '', '10', 1, '2021-01-04 19:16:19', '2021-01-04 19:16:19', NULL, 0),
(571, '6105407-8', 'SURTILUJOS LA 25', '', '', 'CALLE 25 # 11B - 12 BRR OBRERO', '', '10', 1, '2021-01-04 19:16:20', '2021-01-04 19:16:20', NULL, 0),
(572, '900581450', 'RAYCO AUTOMOTRIZ', '883 3350', '', 'CALLE 20 #16 - 27, CALI', '', '10', 1, '2021-01-04 19:16:20', '2021-01-04 19:16:20', NULL, 0),
(573, '31575787-5', 'AUTO ELECTRICOS Y PARTES JD', '880 3959', '', 'CLL 21 # 17B - 43', '', '10', 1, '2021-01-04 19:16:20', '2021-01-04 19:16:20', NULL, 0),
(574, '', 'DELUXE CENTER', '304 130 45 83', '', 'CRA 18 #7A-06 LOCAL 2 - CENTRO DE BOGOTA', '', '10', 1, '2021-01-04 19:16:20', '2021-01-04 19:16:20', NULL, 0),
(575, '', 'LUJOS LA 21', '', '', 'CLL 21 # 14 - 34 CALI - VALLE DEL CAUCA', '', '10', 1, '2021-01-04 19:16:20', '2021-01-04 19:16:20', NULL, 0),
(576, '31997007-2', 'LUJOS CALI (TERMINAL)', '', '', 'CLL 31 AV 2B - 136', '', '10', 1, '2021-01-04 19:16:20', '2021-01-04 19:16:20', NULL, 0),
(577, '', 'MULTIREPUESTOS', '', '', 'AUTOPISTA SUR # 13 - 66 CALI - SECTOR LA LUNA', '', '10', 1, '2021-01-04 19:16:20', '2021-01-04 19:16:20', NULL, 0),
(578, '', 'LUJOS LA 26', '', '', 'CLL 25 # 116 - 15', '', '10', 1, '2021-01-04 19:16:20', '2021-01-04 19:16:20', NULL, 0),
(579, '901285981-1', 'EXTYSEG', '436 9797', '', 'CR 23 # 33B - 76', '', '10', 1, '2021-01-04 19:16:20', '2021-01-04 19:16:20', NULL, 0),
(580, '', 'LUJOS LA 25', '', '', 'CALI', '', '10', 1, '2021-01-04 19:16:20', '2021-01-04 19:16:20', NULL, 0),
(581, '413209203', 'ELECTROLUJOS LEO', '884 1244', '', 'CR 15 # 22 - 14', '', '10', 1, '2021-01-04 19:16:21', '2021-01-04 19:16:21', NULL, 0),
(582, '', 'LUJOS LOS PRIMOS', '', '3124727235', 'AV 3 NORTE # 30 - 00', '', '10', 1, '2021-01-04 19:16:21', '2021-01-04 19:16:21', NULL, 0),
(583, '1146441315', 'SEBASTIAN LOPERA VELASQUEZ', '', '', 'CR 51 C # 81 - 31', '', '10', 1, '2021-01-04 19:16:21', '2021-01-04 19:16:21', NULL, 0),
(584, '', 'TIENDA FISICA', '', '', 'DG 23 # 18 B - 154 SECTOR LA LUNA', '', '10', 1, '2021-01-04 19:16:21', '2021-01-04 19:16:21', NULL, 0),
(585, '3391674-1', 'DAVID DUQUE', '', '', 'CLL 25 # 40 - 07', '', '10', 1, '2021-01-04 19:16:21', '2021-01-04 19:16:21', NULL, 0),
(586, '94507307-P', 'JHON ANDERSON SOLIS MORENO', '370 5589', '', 'CLL 81 7 F BIS 22, ALFONSO LOPEZ 2', '', '10', 1, '2021-01-04 19:16:22', '2021-01-04 19:16:22', NULL, 0),
(587, '', 'LUJOS EL PELUDO', '', '', 'CR 18 # 32 - 56 ARMENIA', '', '10', 1, '2021-01-04 19:16:22', '2021-01-04 19:16:22', NULL, 0),
(588, '24335276-1', 'MUNDO CARD', '', '', 'CLL 20 # 11 - 11 MANIZALES - CALDAS', '', '10', 1, '2021-01-04 19:16:22', '2021-01-04 19:16:22', NULL, 0),
(589, '', 'LUJOS TOTOY´S', '', '', 'CR 12 # 27 - 34 PEREIRA', '', '10', 1, '2021-01-04 19:16:22', '2021-01-04 19:16:22', NULL, 0),
(590, '42015061-8', 'LUJOS LOS COCHES', '', '', 'CR 12 # 27 - 97 PEREIRA', '', '10', 1, '2021-01-04 19:16:22', '2021-01-04 19:16:22', NULL, 0),
(591, '', 'TECH - LUJOS', '', '', 'CR 4 NORT # 18 - 399', '', '10', 1, '2021-01-04 19:16:22', '2021-01-04 19:16:22', NULL, 0),
(592, '', 'ARRANQUES Y ALTERNADORES LA 8', '214 3300', '', 'CLL 9 # 7 - 83 CARTAGO - VALLE DEL CAUCA', '', '10', 1, '2021-01-04 19:16:23', '2021-01-04 19:16:23', NULL, 0),
(593, '', 'AUTOCITY SERVICE', '', '301 284 46 30', 'CLL 31 # 44 - 239 PALMIRA', 'BETOHC2010@HOTMAIL.COM', '10', 1, '2021-01-04 19:16:23', '2021-01-04 19:16:23', NULL, 0),
(594, '', 'MAXILUJOS POPAYAN', '321 276 9914', '', 'CR 52B # 15D - 40 POPAYAN', '', '10', 1, '2021-01-04 19:16:23', '2021-01-04 19:16:23', NULL, 0),
(595, '', 'HERNAN ORTIZ CALVACHE', '', '', 'BOSQUES DE LA ACUARELA ETAPA 4 MZ 10 CASA 68, DOS QUEBRADAS', '', '10', 1, '2021-01-04 19:16:23', '2021-01-04 19:16:23', NULL, 0),
(596, '94391072-9', 'GUSTAVO PATES', '', '232 2308', 'SALIDA CALI K - 1 TERPEL, TULUA', 'bimotorl@une.net.co', '10', 1, '2021-01-04 19:16:23', '2021-01-04 19:16:23', NULL, 0),
(597, '', 'LUJOS EL CANOZO', '', '', 'CR 12 # 28 - 28 PEREIRA', '', '10', 1, '2021-01-04 19:16:23', '2021-01-04 19:16:23', NULL, 0),
(598, '', 'LUJOS LA MONA', '', '300 457 54 17', 'CLL 25 # 8 - 38 CALI', '', '10', 1, '2021-01-04 19:16:23', '2021-01-04 19:16:23', NULL, 0),
(599, '', 'MAX SOUND', '', '300 843 01 99', 'CLL 70 C BIS 39 ALFONSO LOPEZ - CALI', '', '10', 1, '2021-01-04 19:16:23', '2021-01-04 19:16:23', NULL, 0),
(600, '', 'JT BASS', '', '', 'DG 23 # 13 - 34', '', '10', 1, '2021-01-04 19:16:23', '2021-01-04 19:16:23', NULL, 0),
(601, '', 'AIRES FRIOS DEL VALLE', '', '', 'CR 24 # 36 - 71 CALI', '', '10', 1, '2021-01-04 19:16:24', '2021-01-04 19:16:24', NULL, 0),
(602, '', 'LUJOS TU CARRITO', '', '', 'CALLE 30 NORTE #2B NORTE-24 FRENTE AL TERMINAL CALI', '', '10', 1, '2021-01-04 19:16:24', '2021-01-04 19:16:24', NULL, 0),
(603, '', 'LIDIA BERMUDEZ', '', '314 848 2364', 'FUNZA', '', '11', 1, '2021-01-04 19:16:24', '2021-01-04 19:16:24', NULL, 0),
(604, '', 'ALBA BERMUDEZ', '', '', 'FONTIBON BOGOTA', '', '11', 1, '2021-01-04 19:16:24', '2021-01-04 19:16:24', NULL, 0),
(605, '', 'RAQUEL', '', '304 209 97 71', 'BOGOTA', '', '11', 1, '2021-01-04 19:16:24', '2021-01-04 19:16:24', NULL, 0),
(606, '', 'AVISLUJOS', '3107166331', '', 'DIAG 40SUR #28-58', 'ECOLUJOS@GMAIL.COM', '11', 1, '2021-01-04 19:16:24', '2021-01-04 19:16:24', NULL, 0),
(607, '', 'LEIDY FUNZA', '', '313 662 30 34', 'FUNZA BOGOTA', '', '11', 1, '2021-01-04 19:16:24', '2021-01-04 19:16:24', NULL, 0),
(608, '', 'MOTOS PEÑA RPM', '', '310 413 7471', 'CARACAS CON LA 17', '', '11', 1, '2021-01-04 19:16:24', '2021-01-04 19:16:24', NULL, 0),
(609, '', 'DR LUJOS Y ACCESORIOS', '3002039707', '321 628 9729', 'CLLE 28B #64A-47', '', '11', 1, '2021-01-04 19:16:25', '2021-01-04 19:16:25', NULL, 0),
(610, '', 'ALARMAS Y SONIDO CHECHO', '3103207519', '', 'CRA 27 #65-66', '', '11', 1, '2021-01-04 19:16:25', '2021-01-04 19:16:25', NULL, 0),
(611, '', 'LUJOS Y SONIDOS VIVAS', '', '', 'CLLE 63 #116B-04', '', '11', 1, '2021-01-04 19:16:25', '2021-01-04 19:16:25', NULL, 0),
(612, '', 'LUJOS EL FARO', '631 0885', '310 497 5021', 'CLL. 64 #26-55 - 7 DE AGOSTO BOGOTA', '', '11', 1, '2021-01-04 19:16:25', '2021-01-04 19:16:25', NULL, 0),
(613, '', 'GALMORE', '3118642252', '315 780 4412', 'CRA 27 #66- 86', '', '11', 1, '2021-01-04 19:16:25', '2021-01-04 19:16:25', NULL, 0),
(614, '', 'KAWAMOTOS STORE', '3202575174', '', 'KRA 33 #56-39 SUR', '', '11', 1, '2021-01-04 19:16:25', '2021-01-04 19:16:25', NULL, 0),
(615, '', 'GRUPO MASTER LED', '3208186221', '', 'CALLE 66 #26-50', '', '11', 1, '2021-01-04 19:16:25', '2021-01-04 19:16:25', NULL, 0),
(616, '', 'CAR ELECTRICOS LA 64', '3112156660', '3012726686', 'CRA 27 #64-17', '', '11', 1, '2021-01-04 19:16:25', '2021-01-04 19:16:25', NULL, 0),
(617, '', 'AUTO LED', '3118298582', '', 'CLLE 9 #38-30 L167', '', '11', 1, '2021-01-04 19:16:25', '2021-01-04 19:16:25', NULL, 0),
(618, '', 'BODEGA JHONY KAY', '301 4137208', '320 56 75 295', 'CLL 7 #38-72 BOGOTA', '', '11', 1, '2021-01-04 19:16:25', '2021-01-04 19:16:25', NULL, 0),
(619, '', 'GUERRERO', '720 0549', '', 'CRA 27 #26-11 SUR', '', '11', 1, '2021-01-04 19:16:26', '2021-01-04 19:16:26', NULL, 0),
(620, '', 'MOTOS ANDES', '3148459132', '', 'BOGOTA', '', '11', 1, '2021-01-04 19:16:26', '2021-01-04 19:16:26', NULL, 0),
(621, '', 'FERRELECTRICOS MOLINA', '3196295488', '', 'CLLE 40 SUR #69-38', '', '11', 1, '2021-01-04 19:16:26', '2021-01-04 19:16:26', NULL, 0),
(622, '', 'AVISOS Y LUJOS', '3124672340', '321 569 39 94', 'CLLE 44 SUR #68B-36', '', '11', 1, '2021-01-04 19:16:26', '2021-01-04 19:16:26', NULL, 0),
(623, '', 'LUJOS Y ACCESORIOS SPORT', '3193507358', '333 01 98 - 321 728 05 99', 'CLLE 64 #26-03', 'MOTOPRISMA@HOTMAIL.COM', '11', 1, '2021-01-04 19:16:26', '2021-01-04 19:16:26', NULL, 0),
(624, '', 'EL AMPERIO', '3123715449', '', 'CALLE 64 #25-17', '', '11', 1, '2021-01-04 19:16:26', '2021-01-04 19:16:26', NULL, 0),
(625, '', 'INTERTACOMETROS', '', '', 'CRA 27 #64-70', '', '11', 1, '2021-01-04 19:16:26', '2021-01-04 19:16:26', NULL, 0),
(626, '', 'FABILUJOS', '4411028', '321 635 51 84', 'CLL63 #110F-28', '', '11', 1, '2021-01-04 19:16:27', '2021-01-04 19:16:27', NULL, 0),
(627, '', 'AUTO ZONE', '3013586231', '', 'CRA 28A #63D-80', '', '11', 1, '2021-01-04 19:16:27', '2021-01-04 19:16:27', NULL, 0),
(628, '', 'AUTOPARTES SOLO CARS', '4351009', '311 395 51 76', 'CLL 63 #105-18', '', '11', 1, '2021-01-04 19:16:27', '2021-01-04 19:16:27', NULL, 0),
(629, '', 'ODYMOTOS', '3114593193', '', 'CLL 63 #104-62', '', '11', 1, '2021-01-04 19:16:27', '2021-01-04 19:16:27', NULL, 0),
(630, '', 'LUJOS Y ACCESORIOS LA 66', '3108774920', '', 'CLL 66 #28-49', '', '11', 1, '2021-01-04 19:16:27', '2021-01-04 19:16:27', NULL, 0),
(631, '51879182-0', 'MISCELANEA DESUVEH', '3207376472', '', 'CRA 27SUR #26-29', '', '11', 1, '2021-01-04 19:16:27', '2021-01-04 19:16:27', NULL, 0),
(632, '', 'JIMOTO', '3125754421', '301 322 9963', 'CLL63 #105F-46', '', '11', 1, '2021-01-04 19:16:28', '2021-01-04 19:16:28', NULL, 0),
(633, '', 'AUTOPARTES PIST', '3103371356', '', 'CLL 63 #110F-46', '', '11', 1, '2021-01-04 19:16:28', '2021-01-04 19:16:28', NULL, 0),
(634, '', 'CENTRO ELECTRICO', '', '', 'CALLE 1era #13A-30, BOGOTA', '', '11', 1, '2021-01-04 19:16:28', '2021-01-04 19:16:28', NULL, 0),
(635, '', 'CAR LUJOS', '', '', 'BOGOTA', '', '11', 1, '2021-01-04 19:16:28', '2021-01-04 19:16:28', NULL, 0),
(636, '', 'SAMI LUJOS', '', '', 'MOSQUERA, BOGOTA', '', '11', 1, '2021-01-04 19:16:28', '2021-01-04 19:16:28', NULL, 0),
(637, '', 'LUJOS LOS MANOS', '312 464 8903', '300235 6002', 'AV. CALI #129B - 04, SUBA - BOGOTA', '', '11', 1, '2021-01-04 19:16:28', '2021-01-04 19:16:28', NULL, 0),
(638, '30338501-1', 'MAXILUJOS', '53506904', '311 607 4104', 'CRA. 105A #131 - 35 LOCAL 2, SUBA BOGOTA', '', '11', 1, '2021-01-04 19:16:28', '2021-01-04 19:16:28', NULL, 0),
(639, '', 'MASTER BIKE', '300 735 1892', '', 'CALLE 63B #27 - 23 BOGOTA', '', '11', 1, '2021-01-04 19:16:28', '2021-01-04 19:16:28', NULL, 0),
(640, '', 'LUJOS Y SONIDOS VILLAS', '', '', 'CLLE 63 #116B - 04  DORADO, BOGOTA', '', '11', 1, '2021-01-04 19:16:28', '2021-01-04 19:16:28', NULL, 0),
(641, '', 'CASA LUJOS', '607 2468', '', 'CARRERA 66 #72A - 00', '', '11', 1, '2021-01-04 19:16:29', '2021-01-04 19:16:29', NULL, 0),
(642, '17152552-A', 'VIDRIO Y CERRAJERIA EL ARTE', '267 9382', '', 'CALLE 17 #104B - 02', '', '11', 1, '2021-01-04 19:16:30', '2021-01-04 19:16:30', NULL, 0),
(643, '', 'FAMILY MOTOR BIKER', '', '', 'CARRERA 104 #129 - 06 BOGOTA', '', '11', 1, '2021-01-04 19:16:30', '2021-01-04 19:16:30', NULL, 0),
(644, '', 'DELTA MOTO 131', '', '', 'BOGOTA', '', '11', 1, '2021-01-04 19:16:30', '2021-01-04 19:16:30', NULL, 0),
(645, '', 'ALMACEN Y TALLER MOTO GE', '', '3044173957', 'BOGOTA', '', '11', 1, '2021-01-04 19:16:30', '2021-01-04 19:16:30', NULL, 0),
(646, '', 'CARROS Y CARROS', '', '', 'BOGOTA', '', '11', 1, '2021-01-04 19:16:30', '2021-01-04 19:16:30', NULL, 0),
(647, '', 'CENTROLUJOS SANCHEZ', '', '', 'BOGOTA', '', '11', 1, '2021-01-04 19:16:30', '2021-01-04 19:16:30', NULL, 0),
(648, '', 'MOTO CITY', '', '321 813 1451', 'BOGOTA', '', '11', 1, '2021-01-04 19:16:30', '2021-01-04 19:16:30', NULL, 0),
(649, '', 'LUJOS Y POLARIZADOS SOL', '', '', 'BOGOTA', '', '11', 1, '2021-01-04 19:16:30', '2021-01-04 19:16:30', NULL, 0),
(650, '', 'RPM', '', '', 'BOGOTA', '', '11', 1, '2021-01-04 19:16:31', '2021-01-04 19:16:31', NULL, 0),
(651, '', 'JAIME STAR CARS POLARIZADOS', '', '', 'BOGOTA', '', '11', 1, '2021-01-04 19:16:31', '2021-01-04 19:16:31', NULL, 0),
(652, '', 'EURO LUJOS M.R', '542 11 54', '314 689 0122', 'CLL 17 #108-15  BOGOTA', '', '11', 1, '2021-01-04 19:16:31', '2021-01-04 19:16:31', NULL, 0),
(653, '', 'OZ LED', '', '', 'BOGOTA', '', '11', 1, '2021-01-04 19:16:31', '2021-01-04 19:16:31', NULL, 0),
(654, '', 'DJ MOTOS', '', '', 'BOGOTA', '', '11', 1, '2021-01-04 19:16:31', '2021-01-04 19:16:31', NULL, 0),
(655, '', 'PUNTO ELECTRICO AUTOMOTRIZ JG', '702 3412', '301 631 6437', 'DIAG. 16 # 96D - 98, BOGOTA', '', '11', 1, '2021-01-04 19:16:31', '2021-01-04 19:16:31', NULL, 0),
(656, '', 'ODYSCUACH', '311 459 31 93', '', 'CLL 63 #105-12', '', '11', 1, '2021-01-04 19:16:31', '2021-01-04 19:16:31', NULL, 0),
(657, '', 'GONCAS JUAN', '304 433 66 78', '301 414 7884', 'CLL 113B #63B-62', '', '11', 1, '2021-01-04 19:16:31', '2021-01-04 19:16:31', NULL, 0),
(658, '', 'ELECTRO AUTOS GT', '311 263 35 41', '312 451 4837', 'CRA 103B #153-19', '', '11', 1, '2021-01-04 19:16:31', '2021-01-04 19:16:31', NULL, 0),
(659, '', 'NELSON ARANGO', '', '310 824 6027', '', '', '11', 1, '2021-01-04 19:16:32', '2021-01-04 19:16:32', NULL, 0),
(660, '', 'ELECTROAUTOS EL PASTUSO', '319 364 23 68', '', 'SOACHA', '', '11', 1, '2021-01-04 19:16:32', '2021-01-04 19:16:32', NULL, 0),
(661, '', 'NESTOR GIRALDO', '310 696 68 14', '', 'ACACIAS META', '', '11', 1, '2021-01-04 19:16:32', '2021-01-04 19:16:32', NULL, 0),
(662, '', 'CAR DESIGN', '314 254 88 17', '', 'BOSA', '', '11', 1, '2021-01-04 19:16:32', '2021-01-04 19:16:32', NULL, 0),
(663, '', 'CAR AUDIO JB', '312 408 31 36', '', 'CRA 104B #17-18  FONTIBON', '', '11', 1, '2021-01-04 19:16:32', '2021-01-04 19:16:32', NULL, 0),
(664, '', 'CR AUTO LED', '320 657', '', 'CLL 44 SUR #63B 36', '', '11', 1, '2021-01-04 19:16:33', '2021-01-04 19:16:33', NULL, 0),
(665, '', 'OMAR BOSA', '313 410 41 64', '', 'BOSA', '', '11', 1, '2021-01-04 19:16:33', '2021-01-04 19:16:33', NULL, 0),
(666, '', 'IMPOTADORA VILLAS', '4330365', '', 'VILLAS DE GRANADA', '', '11', 1, '2021-01-04 19:16:33', '2021-01-04 19:16:33', NULL, 0),
(667, '', 'DIEGO DELCO', '', '', 'PUENTE ARANDA', '', '11', 1, '2021-01-04 19:16:33', '2021-01-04 19:16:33', NULL, 0),
(668, '', 'EDWIN GARCIA', '', '', 'SOACHA CUNDINAMARCA', '', '11', 1, '2021-01-04 19:16:34', '2021-01-04 19:16:34', NULL, 0),
(669, '', 'EL SEMAFORO', '', '', '7 DE AGOSTO', '', '11', 1, '2021-01-04 19:16:34', '2021-01-04 19:16:34', NULL, 0),
(670, '', 'HECTOR PARQUEADERO', '', '', '', '', '11', 1, '2021-01-04 19:16:34', '2021-01-04 19:16:34', NULL, 0),
(671, '', 'MOTO POTENCIA', '', '', 'NORTE', 'PREMIUMMOTOSCOPACABANA@GMAIL.COM', '11', 1, '2021-01-04 19:16:35', '2021-01-04 19:16:35', NULL, 0),
(672, '', 'MOTO K', '', '313 342 4108', 'ENGATIVA', '', '11', 1, '2021-01-04 19:16:35', '2021-01-04 19:16:35', NULL, 0),
(673, '', 'LUME AUTMOTRIZ', '031 5474769', '300 605 5360', 'TRANSVERSAL 77A 47-47', '', '11', 1, '2021-01-04 19:16:36', '2021-01-04 19:16:36', NULL, 0),
(674, '', 'CARROS Y CARROS FELIPE', '', '', '7 DE AGOSTO', '', '11', 1, '2021-01-04 19:16:36', '2021-01-04 19:16:36', NULL, 0),
(675, '', 'LUJOS RIGO', '', '300 648 8006', 'MOSQUERA', '', '11', 1, '2021-01-04 19:16:37', '2021-01-04 19:16:37', NULL, 0),
(676, '1072647771', 'JUAN CAMILO SANCHEZ SANCHEZ', '', '', 'CRA 9#35-00 (CONDOMINIO PRADARES DE SAN MARTIN CASA#4) CHIA, CUNDINAMARCA.', '', '14', 1, '2021-01-04 19:16:38', '2021-01-04 19:16:38', NULL, 0),
(677, '1094902424', 'CARSHOPB', '', '', 'CIUDAD DORADA MZ 42 CASA 22', '', '14', 1, '2021-01-04 19:16:39', '2021-01-04 19:16:39', NULL, 0),
(678, '', 'R Y C MOTOS', '', '', 'CLL 78 # 50 C - 38', '', '16', 1, '2021-01-04 19:16:40', '2021-01-04 19:16:40', NULL, 0),
(679, '', 'JP MOTOS', '437 45 50', '304 668 88 43', 'CRA 64 C # 75 A - 14', '', '16', 1, '2021-01-04 19:16:41', '2021-01-04 19:16:41', NULL, 0),
(680, '', 'MOTO PISTON', '', '', 'CLL 63 # 60 - 54', '', '16', 1, '2021-01-04 19:16:41', '2021-01-04 19:16:41', NULL, 0),
(681, '', 'MOTOR EXTREMO', '', '301 689 78 88', 'CR 14 # 5 A - 4', '', '16', 1, '2021-01-04 19:16:42', '2021-01-04 19:16:42', NULL, 0),
(682, '', 'DISPARMOTOS GIRARDOTA', '', '318 631 7880', 'CLL 5 B # 15 - 26', '', '16', 1, '2021-01-04 19:16:43', '2021-01-04 19:16:43', NULL, 0),
(683, '', 'DUKE MOTOS', '321 670 36 00', '', 'CR 16 #7-151  GIRARDOTA', '', '16', 1, '2021-01-04 19:16:44', '2021-01-04 19:16:44', NULL, 0),
(684, '', 'TAPICERIA AUTOMOTRIZ CM', '', '350 276 5953', 'CLL 11 # 27 - 25', '', '16', 1, '2021-01-04 19:16:44', '2021-01-04 19:16:44', NULL, 0),
(685, '', 'FERRIREPUESTOS MADRID', '', '', 'CLL 5B # 14 - 25 GIRARDOTA - ANTIOQUIA', '', '16', 1, '2021-01-04 19:16:45', '2021-01-04 19:16:45', NULL, 0),
(686, '', 'MONO MOTOS VALDERRAMO', '', '328 9910', 'CLL 44 # 91 - 08 MEDELLIN', '', '16', 1, '2021-01-04 19:16:47', '2021-01-04 19:16:47', NULL, 0),
(687, '', 'FABIMOTOR', '', '', 'CLL 40 # 101 A - 140 MEDELLIN', '', '16', 1, '2021-01-04 19:16:47', '2021-01-04 19:16:47', NULL, 0),
(688, '', 'JUPIMOTOS', '', '321 714 7076', 'CLL 94 # 51 B - 04 MEDELLIN', '', '16', 1, '2021-01-04 19:16:48', '2021-01-04 19:16:48', NULL, 0),
(689, '', 'TALLER TRIPLE 8', '', '', 'CLL 44 # 89 - 85 MEDELLIN', '', '16', 1, '2021-01-04 19:16:49', '2021-01-04 19:16:49', NULL, 0),
(690, '', 'LUJOS ZAMORA', '313 244 03 18', '300 593 8641', '', '', '16', 1, '2021-01-04 19:16:49', '2021-01-04 19:16:49', NULL, 0),
(691, '', 'MOTO FOX', '', '', 'CR 52 # 99 - 49 MEDELLIN', 'LACASADELOSLUJOS@GMAIL.COM', '16', 1, '2021-01-04 19:16:49', '2021-01-04 19:16:49', NULL, 0),
(692, '', 'DIAGNOSTICO AUTOMOTRIZ ADRIAN', '', '314 678 13 24', 'DON MATIAS', '', '16', 1, '2021-01-04 19:16:50', '2021-01-04 19:16:50', NULL, 0),
(693, '', 'MOTO GLOBAL', '', '317 764 2230', 'DG 53 # 123 A SUR - 50 CALDAS - ANTIOQUIA', '', '16', 1, '2021-01-04 19:16:50', '2021-01-04 19:16:50', NULL, 0),
(694, '', 'YOKAMOTOR', '', '', 'CR 49 # 95 - 84 MEDELLIN', '', '16', 1, '2021-01-04 19:16:50', '2021-01-04 19:16:50', NULL, 0),
(695, '', 'CIA MOTOR', '', '', 'CR 50 # 88 SUR - 76 LA ESTRELLA', '', '16', 1, '2021-01-04 19:16:51', '2021-01-04 19:16:51', NULL, 0),
(696, '', 'MOTOS SPEED', '', '317 649 28 98', 'CR 50 # 47 - 79 AMAGA - ANTIOQUIA', '', '16', 1, '2021-01-04 19:16:51', '2021-01-04 19:16:51', NULL, 0),
(697, '', 'ASIA MOTOR', '', '315 547 98 34', 'CLL 37 # 49 - 73 AMAGA - ANTIOQUIA', '', '16', 1, '2021-01-04 19:16:51', '2021-01-04 19:16:51', NULL, 0),
(698, '', 'LUBRIMOTOS LA 33', '', '311 591 6959', 'Cll33#65B-35', 'MONOLUJOS@HOTMAIL.COM', '16', 1, '2021-01-04 19:16:52', '2021-01-04 19:16:52', NULL, 0),
(699, '', 'BUENOS EXTINTORES Y SEGURIDAD', '', '', 'CR 45 # 116 SUR - 61 VARIANTE CALDAS - CALDAS', '', '16', 1, '2021-01-04 19:16:52', '2021-01-04 19:16:52', NULL, 0),
(700, '', 'T Y M', '', '885 1583', 'CR 22 # 13 - 73 YARUMAL', 'ALMACENAUTOFARO@HOTMAIL.COM', '16', 1, '2021-01-04 19:16:53', '2021-01-04 19:16:53', NULL, 0),
(701, '', 'JUANCHO MOTOS', '', '', 'CR 78 # 43 - 54 MEDELLIN', '', '16', 1, '2021-01-04 19:16:53', '2021-01-04 19:16:53', NULL, 0),
(702, '', 'LUBRI REPUESTOS DON MATIAS', '', '302 243 2567', 'CLL 32 A # 55 - 77 BRR CABAÑAS - BELLO', 'PARABRISAS.ACCESORIOS@HOTMAIL.COM', '16', 1, '2021-01-04 19:16:53', '2021-01-04 19:16:53', NULL, 0),
(703, '', 'R Y R MOTOS LA 93', '', '317 681 7431', 'CR 51 A # 93 - 02 MEDELLIN', '', '16', 1, '2021-01-04 19:16:53', '2021-01-04 19:16:53', NULL, 0),
(704, '', 'TODO LUJOS CARIBE', '', '', 'CLL 74 # 64 C - 39 MEDELLIN', '', '16', 1, '2021-01-04 19:16:53', '2021-01-04 19:16:53', NULL, 0),
(705, '', 'AUTOPARTES R Y A', '', '', 'CR 50 # 69 - 58 CIUDAD BOLIVAR', '', '16', 1, '2021-01-04 19:16:53', '2021-01-04 19:16:53', NULL, 0),
(706, '', 'GUROSTOCK', '', '316 298 0533', 'CLL 45 A # 59 - 63 MEDELLIN', '', '16', 1, '2021-01-04 19:16:53', '2021-01-04 19:16:53', NULL, 0),
(707, '', 'LUJOS Y ACCESORIOS YAMID LUJOS', '', '', 'GLORIETA DE MEDIA CANOA YOTOCO YOTOCO VALLE', '', '16', 1, '2021-01-04 19:16:53', '2021-01-04 19:16:53', NULL, 0),
(708, '', 'MIGUEL ANCAR', '', '300 362 40 40', 'DON MATIAS', '', '16', 1, '2021-01-04 19:16:54', '2021-01-04 19:16:54', NULL, 0),
(709, '', 'MAXI TUNING LUJOS Y SONIDOS', '261 11 12', '', 'CR 43 B # 25 A - 16 EL POBLADO - MEDELLIN', '', '16', 1, '2021-01-04 19:16:54', '2021-01-04 19:16:54', NULL, 0),
(710, '', 'JOSE DAVID GALLEGO', '', '', 'CLL 100 # 12 - 21 CALI - JUANCHITO', '', '17', 1, '2021-01-04 19:16:54', '2021-01-04 19:16:54', NULL, 0),
(711, '', 'ILUMINACION KDV', '', '', 'MANZANA 3 CASA 34 POBLADO CAMPE - CANDELARIA', '', '17', 1, '2021-01-04 19:16:54', '2021-01-04 19:16:54', NULL, 0),
(712, '', 'SANTA MARIA Y PEÑA', '', '', 'CR 5 # 27 - 02 CALI', '', '17', 1, '2021-01-04 19:16:54', '2021-01-04 19:16:54', NULL, 0),
(713, '', 'LUJOS Y ACCESORIOS LOS 3', '', '', 'CLL 21 # 11 D - 89 CALI', '', '17', 1, '2021-01-04 19:16:54', '2021-01-04 19:16:54', NULL, 0),
(714, '', 'ELECTRO PARTES MARIO', '342 5352', '', 'CR 17 # 19 - 20 CALI', '', '17', 1, '2021-01-04 19:16:54', '2021-01-04 19:16:54', NULL, 0),
(715, '', 'ELVERT BERMUDEZ', '', '', 'CLL 38 # 42 A - 38 LOCAL 2 - CALI', '', '17', 1, '2021-01-04 19:16:54', '2021-01-04 19:16:54', NULL, 0),
(716, '', 'AUTO REPUESTO 78', '', '316 816 9374', 'CR 15 # 30 - 24 CALI', '', '17', 1, '2021-01-04 19:16:54', '2021-01-04 19:16:54', NULL, 0);

-- --------------------------------------------------------

--
-- Estructura de tabla para la tabla `expenses`
--

CREATE TABLE `expenses` (
  `idExpense` int(11) NOT NULL,
  `value` bigint(20) DEFAULT NULL,
  `description` text DEFAULT NULL,
  `updated_at` datetime DEFAULT NULL,
  `created_at` datetime DEFAULT NULL,
  `deleted_at` datetime DEFAULT NULL,
  `deleted` tinyint(4) DEFAULT 0
) ENGINE=InnoDB DEFAULT CHARSET=utf8;

--
-- Volcado de datos para la tabla `expenses`
--

INSERT INTO `expenses` (`idExpense`, `value`, `description`, `updated_at`, `created_at`, `deleted_at`, `deleted`) VALUES
(1, 7600, 'Liquidación de Camila González Facturas: (2) Vales: (1) (2)', '2021-01-28 19:00:51', '2021-01-28 19:00:51', NULL, 0);

-- --------------------------------------------------------

--
-- Estructura de tabla para la tabla `inventory`
--

CREATE TABLE `inventory` (
  `idStore` int(11) NOT NULL,
  `idProduct` varchar(50) NOT NULL,
  `stock` int(11) DEFAULT NULL
) ENGINE=InnoDB DEFAULT CHARSET=utf8;

--
-- Volcado de datos para la tabla `inventory`
--

INSERT INTO `inventory` (`idStore`, `idProduct`, `stock`) VALUES
(1, 'PULPO', -2),
(1, '1.8-CPR', 900),
(1, 'AIR-BM', 693),
(1, 'AV-1', 600),
(3, '1.8-CPR', 250),
(3, 'AV-1', 300),
(3, 'PULPO', 800),
(1, 'H4CAMALEON', 28),
(2, 'LIBRE-Y', 2),
(1, 'LIBRE-Y', 5),
(2, 'AIR-BM', 500),
(2, 'PULPO', 15),
(5, 'AV-1', 200),
(5, 'PULPO', 50),
(5, 'PM12', 150),
(5, '1.5-CW', 3500),
(5, '27', 500),
(5, '3157-W', 800),
(5, '3157-Y', 800),
(5, 'PLANO9LED', 2500),
(5, 'SILICONAFIJO', 600),
(5, 'TABLERO', 750),
(1, 'AIR-FR', -10),
(1, '31MM', 5);

-- --------------------------------------------------------

--
-- Estructura de tabla para la tabla `invoices`
--

CREATE TABLE `invoices` (
  `idInvoice` int(11) NOT NULL,
  `budgetId` int(11) NOT NULL,
  `clientId` int(11) DEFAULT NULL,
  `vendorId` varchar(100) DEFAULT NULL,
  `storeId` int(11) DEFAULT NULL,
  `payment` bigint(20) DEFAULT NULL,
  `total` bigint(20) DEFAULT NULL,
  `hasIva` tinyint(4) DEFAULT NULL,
  `iva` decimal(10,0) DEFAULT NULL,
  `comments` text DEFAULT NULL,
  `date` datetime DEFAULT NULL,
  `state` int(11) DEFAULT NULL,
  `updated_at` datetime DEFAULT NULL,
  `created_at` datetime DEFAULT NULL,
  `deleted_at` datetime DEFAULT NULL,
  `deleted` tinyint(4) DEFAULT 0
) ENGINE=InnoDB DEFAULT CHARSET=utf8;

--
-- Volcado de datos para la tabla `invoices`
--

INSERT INTO `invoices` (`idInvoice`, `budgetId`, `clientId`, `vendorId`, `storeId`, `payment`, `total`, `hasIva`, `iva`, `comments`, `date`, `state`, `updated_at`, `created_at`, `deleted_at`, `deleted`) VALUES
(1, 1, 540, '10', 1, 152500, 216027, 0, '8', 'Even trees need a friend. We all need friends. Anything you want to do you can do here. The very fact that you\'re aware of suffering is enough reason to be overjoyed that you\'re alive and can experience it. Do an almighty painting with us. Everything is happy if you choose to make it that way. 4', '2021-01-17 13:23:09', 2, '2021-01-25 18:37:26', '2021-01-17 13:23:09', NULL, 0),
(2, 3, 1, '1017163645', 1, 1850000, 1850000, 1, '8', NULL, '2021-01-17 13:42:11', 3, '2021-01-28 19:00:51', '2021-01-17 13:42:11', NULL, 0),
(3, 5, 158, '1', 1, 110000, 110000, 0, '8', '', '2021-01-24 18:24:52', 2, '2021-02-05 18:58:54', '2021-01-24 18:24:52', NULL, 0),
(4, 6, 224, '996632554', 1, 0, 8500, 0, '8', NULL, '2021-01-26 18:21:13', 0, '2021-01-26 18:21:13', '2021-01-26 18:21:13', NULL, 0),
(5, 2, 158, '1', 1, 0, 2590000, 1, '8', NULL, '2021-01-28 21:14:25', 0, '2021-01-30 10:58:05', '2021-01-28 21:14:25', '2021-01-30 10:58:05', 1),
(6, 9, 6, '1017163645', 1, 0, 50000, 0, '8', NULL, '2021-01-30 12:05:46', 0, '2021-01-30 12:05:46', '2021-01-30 12:05:46', NULL, 0),
(7, 7, 6, '1017163645', 1, 0, 13500, 0, '8', 'Sisarras', '2021-01-30 12:36:12', 0, '2021-02-05 18:39:08', '2021-01-30 12:36:12', NULL, 0);

-- --------------------------------------------------------

--
-- Estructura de tabla para la tabla `invoice_details`
--

CREATE TABLE `invoice_details` (
  `invoiceId` int(11) DEFAULT NULL,
  `productId` varchar(50) DEFAULT NULL,
  `quantity` int(11) DEFAULT NULL,
  `unit` int(11) DEFAULT NULL,
  `base` int(11) NOT NULL,
  `total` bigint(20) DEFAULT NULL
) ENGINE=InnoDB DEFAULT CHARSET=utf8;

--
-- Volcado de datos para la tabla `invoice_details`
--

INSERT INTO `invoice_details` (`invoiceId`, `productId`, `quantity`, `unit`, `base`, `total`) VALUES
(1, 'H4CAMALEON', 3, 55003, 45000, 165009),
(1, 'AIR-BM', 6, 8503, 7500, 51018),
(2, '1.8-CPR', 100, 10000, 9000, 1000000),
(2, 'AIR-BM', 100, 8500, 7500, 850000),
(3, 'AIR-FR', 10, 8500, 7500, 85000),
(3, 'PULPO', 1, 5000, 6500, 5000),
(3, '31MM', 5, 4000, 3200, 20000),
(4, 'AIR-BM', 1, 8500, 7500, 8500),
(5, 'PULPO', 10, 7000, 3500, 70000),
(5, 'AIR-BM', 240, 10500, 7500, 2520000),
(6, 'PULPO', 10, 5000, 3500, 50000),
(7, 'AIR-BM', 1, 8500, 9200, 8500),
(7, 'PULPO', 1, 5000, 6200, 5000);

-- --------------------------------------------------------

--
-- Estructura de tabla para la tabla `paymentmethods`
--

CREATE TABLE `paymentmethods` (
  `idMethod` int(11) NOT NULL,
  `name` varchar(255) DEFAULT NULL,
  `updated_at` datetime DEFAULT NULL,
  `created_at` datetime DEFAULT NULL,
  `deleted_at` datetime DEFAULT NULL,
  `deleted` tinyint(4) DEFAULT 0
) ENGINE=InnoDB DEFAULT CHARSET=utf8;

--
-- Volcado de datos para la tabla `paymentmethods`
--

INSERT INTO `paymentmethods` (`idMethod`, `name`, `updated_at`, `created_at`, `deleted_at`, `deleted`) VALUES
(1, 'Efectivo', '2021-01-17 17:25:24', '2021-01-17 17:25:12', NULL, 0),
(2, 'Transferencia', '2021-01-17 17:25:32', '2021-01-17 17:25:32', NULL, 0),
(3, 'Cheque', '2021-01-17 17:25:40', '2021-01-17 17:25:40', NULL, 0),
(4, 'Otra', '2021-01-17 17:27:47', '2021-01-17 17:25:46', NULL, 0);

-- --------------------------------------------------------

--
-- Estructura de tabla para la tabla `payments`
--

CREATE TABLE `payments` (
  `idPayment` int(11) NOT NULL,
  `invoiceId` int(11) DEFAULT NULL,
  `clientId` int(11) DEFAULT NULL,
  `vendorId` varchar(100) DEFAULT NULL,
  `paymentMethod` int(11) DEFAULT NULL,
  `payment` bigint(20) DEFAULT NULL,
  `comments` varchar(255) DEFAULT NULL,
  `updated_at` datetime DEFAULT NULL,
  `created_at` datetime DEFAULT NULL,
  `deleted_at` datetime DEFAULT NULL,
  `deleted` tinyint(4) DEFAULT 0
) ENGINE=InnoDB DEFAULT CHARSET=utf8;

--
-- Volcado de datos para la tabla `payments`
--

INSERT INTO `payments` (`idPayment`, `invoiceId`, `clientId`, `vendorId`, `paymentMethod`, `payment`, `comments`, `updated_at`, `created_at`, `deleted_at`, `deleted`) VALUES
(1, 1, 540, '10', 2, 100000, 'Primer pago', '2021-01-21 19:22:16', '2021-01-21 19:22:16', NULL, 0),
(2, 1, 540, '10', 1, 52500, 'Final', '2021-01-21 19:22:30', '2021-01-21 19:22:30', NULL, 0),
(3, 2, 1, '1017163645', 1, 200000, 'Primerísimo primer Pago', '2021-01-23 12:00:58', '2021-01-21 21:48:14', '2021-01-23 12:00:58', 0),
(4, 2, 1, '1017163645', 1, 50000, 'Otro Pago', '2021-01-23 12:18:09', '2021-01-23 12:03:08', '2021-01-23 12:18:09', 1),
(5, 2, 1, '1017163645', 1, 1650000, 'final', '2021-01-27 19:19:10', '2021-01-27 19:19:10', NULL, 0),
(6, 3, 158, '1', 1, 110000, '', '2021-01-28 21:14:56', '2021-01-28 21:14:56', NULL, 0);

-- --------------------------------------------------------

--
-- Estructura de tabla para la tabla `products`
--

CREATE TABLE `products` (
  `idProduct` varchar(50) NOT NULL,
  `description` varchar(255) DEFAULT NULL,
  `family` int(11) DEFAULT NULL,
  `picture_url` varchar(255) DEFAULT 'products/no_image.png',
  `provider` int(11) DEFAULT NULL,
  `price` float DEFAULT NULL,
  `price_base` float DEFAULT NULL,
  `price_scale` float DEFAULT NULL,
  `price_dist` float DEFAULT NULL,
  `cost` float DEFAULT NULL,
  `cost_cop` float DEFAULT NULL,
  `cost_rmb` float DEFAULT NULL,
  `min` int(11) DEFAULT NULL,
  `updated_at` datetime DEFAULT NULL,
  `created_at` datetime DEFAULT NULL,
  `deleted_at` datetime DEFAULT NULL,
  `deleted` tinyint(4) DEFAULT 0
) ENGINE=InnoDB DEFAULT CHARSET=utf8;

--
-- Volcado de datos para la tabla `products`
--

INSERT INTO `products` (`idProduct`, `description`, `family`, `picture_url`, `provider`, `price`, `price_base`, `price_scale`, `price_dist`, `cost`, `cost_cop`, `cost_rmb`, `min`, `updated_at`, `created_at`, `deleted_at`, `deleted`) VALUES
('00001', 'PUNTA MOFLE', 15, 'products/no_image.png', 1, 7000, 6000, 0, 0, 0, 3500, 0, 100, '2021-02-01 15:38:24', '2021-01-05 17:52:40', NULL, 0),
('04B', 'LAPIZ PARA GUIA (AZUL)', 12, 'products/no_image.png', 1, 17000, 14000, 16000, 15000, 0, 13000, 0, 100, '2021-02-01 15:38:24', '2021-01-05 17:52:36', NULL, 0),
('04G', 'LAPIZ PARA GUIA (VERDE)', 12, 'products/no_image.png', 1, 17000, 14000, 16000, 15000, 0, 13000, 0, 100, '2021-02-01 15:38:24', '2021-01-05 17:52:36', NULL, 0),
('04R', 'LAPIZ PARA GUIA (ROJO)', 12, 'products/no_image.png', 1, 17000, 14000, 16000, 15000, 0, 13000, 0, 100, '2021-02-01 15:38:24', '2021-01-05 17:52:37', NULL, 0),
('04W', 'LAPIZ PARA GUIA (BLANCO)', 12, 'products/no_image.png', 1, 17000, 14000, 16000, 15000, 0, 13000, 0, 100, '2021-02-01 15:38:24', '2021-01-05 17:52:37', NULL, 0),
('04Y', 'LAPIZ PARA GUIA (AMARILLO)', 12, 'products/no_image.png', 1, 17000, 14000, 16000, 15000, 0, 13000, 0, 100, '2021-02-01 15:38:24', '2021-01-05 17:52:37', NULL, 0),
('1.2M-C', 'GUIA PARA BUMPER ACERO INOX. BUJE CHAPETA 1.2M', 12, 'products/no_image.png', 1, 115000, 105000, 110000, 107000, 0, 75000, 0, 100, '2021-02-01 15:38:24', '2021-01-05 17:52:37', NULL, 0),
('1.2M-T', 'GUIA PARA BUMPER ACERO INOX. BUJE TORRE 1.2M', 12, 'products/no_image.png', 1, 120000, 110000, 115000, 113000, 0, 90000, 0, 100, '2021-02-01 15:38:24', '2021-01-05 17:52:37', NULL, 0),
('1.2M-X', 'GUIA PARA BUMPER ACERO INOX. SIN BUJE 1.2M', 12, 'products/no_image.png', 1, 120, 110, 115, 112, 0, 92, 0, 100, '2021-02-01 15:38:24', '2021-02-01 15:26:29', NULL, 0),
('1.3M-C', 'GUIA PARA BUMPER ACERO INOX. BUJE CHAPETA 1.3M', 12, 'products/no_image.png', 1, 120000, 110000, 115000, 113000, 0, 90000, 0, 100, '2021-02-01 15:38:24', '2021-01-05 17:52:37', NULL, 0),
('1.3M-T', 'GUIA PARA BUMPER ACERO INOX. BUJE TORRE 1.3M', 12, 'products/no_image.png', 1, 130000, 115000, 120000, 118000, 0, 95000, 0, 100, '2021-02-01 15:38:24', '2021-01-05 17:52:37', NULL, 0),
('1.5-CPR', '67 ACRILICO CORTO 1034 ROJO FLASH 12V', 3, 'products/no_image.png', 1, 3500, 3000, 3300, 3200, 0, 0, 2.3, 100, '2021-02-01 15:38:25', '2021-01-05 17:52:05', NULL, 0),
('1.5-CPW', '67 ACRILICO CORTO 1034 BLANCO FLASH 12V', 3, 'products/no_image.png', 1, 3500, 2800, 3200, 2950, 0, 0, 2.5, 100, '2021-02-01 15:38:25', '2021-01-05 17:52:05', NULL, 0),
('1.5-CW', '67 ACRILICO CORTO 1034 BLANCO FIJO 12V', 3, 'products/no_image.png', 1, 2500, 1800, 2200, 1950, 0, 0, 1.3, 100, '2021-02-01 15:38:25', '2021-01-05 17:52:05', NULL, 0),
('1.5-PW', '67 ACRILICO CORTO 1141 BLANCO FLASH 12V', 3, 'products/no_image.png', 1, 3500, 2800, 3200, 2950, 0, 0, 2.5, 100, '2021-02-01 15:38:25', '2021-01-05 17:52:05', NULL, 0),
('1.5-PY', '67 ACRILICO CORTO 1141 AMARILLO FLASH 12V', 3, 'products/no_image.png', 1, 3500, 2800, 3200, 2950, 0, 0, 2.5, 100, '2021-02-01 15:38:25', '2021-01-05 17:52:05', NULL, 0),
('1.5-R', '67 ACRILICO CORTO 1034 ROJO FIJO 12V', 3, 'products/no_image.png', 1, 2500, 1800, 2200, 1950, 0, 0, 1.3, 100, '2021-02-01 15:38:25', '2021-01-05 17:52:05', NULL, 0),
('1.5-W', '67 ACRILICO CORTO 1141 BLANCO FIJO 12V', 3, 'products/no_image.png', 1, 2500, 1800, 2200, 1950, 0, 0, 1.3, 100, '2021-02-01 15:38:25', '2021-01-05 17:52:05', NULL, 0),
('1.5-Y', '67 ACRILICO CORTO 1141 AMARILLO FIJO 12V', 3, 'products/no_image.png', 1, 2500, 1800, 2200, 1950, 0, 0, 1.3, 100, '2021-02-01 15:38:25', '2021-01-05 17:52:05', NULL, 0),
('1.8-CPR', '18 LED CANBUS ROJO 1034 FLASH 12V', 3, 'products/no_image.png', 1, 10000, 9000, 9800, 9500, 0, 0, 8, 100, '2021-02-01 15:38:25', '2021-01-05 17:52:05', NULL, 0),
('1.8-CPW', '18 LED CANBUS BLANCO 1034 FLASH 12V', 3, 'products/no_image.png', 1, 10000, 9000, 9800, 9500, 0, 0, 8, 100, '2021-02-01 15:38:25', '2021-01-05 17:52:05', NULL, 0),
('1.8-CW', '18 LED CANBUS BLANCO 1034 FIJO 12V', 3, 'products/no_image.png', 1, 9000, 8000, 8800, 8500, 0, 0, 7, 100, '2021-02-01 15:38:25', '2021-01-05 17:52:05', NULL, 0),
('1.8-PW', '18 LED CANBUS BLANCO 1141 FLASH 12V', 3, 'products/no_image.png', 1, 10000, 9000, 9800, 9500, 0, 0, 8, 100, '2021-02-01 15:38:25', '2021-01-05 17:52:05', NULL, 0),
('1.8-PY', '18 LED CANBUS AMARILLO 1141 FLASH 12V', 3, 'products/no_image.png', 1, 10000, 9000, 9800, 9500, 0, 0, 8, 100, '2021-02-01 15:38:25', '2021-01-05 17:52:05', NULL, 0),
('1.8-R', '18 LED CANBUS ROJO 1034 FIJO 12V', 3, 'products/no_image.png', 1, 9000, 8000, 8800, 8500, 0, 0, 7, 100, '2021-02-01 15:38:25', '2021-01-05 17:52:05', NULL, 0),
('1.8-W', '18 LED CANBUS BLANCO 1141 12V', 3, 'products/no_image.png', 1, 9000, 8000, 8800, 8500, 0, 0, 7, 100, '2021-02-01 15:38:25', '2021-01-05 17:52:05', NULL, 0),
('1.8-Y', '18 LED CANBUS AMARILLO 1141 FIJO 12V', 3, 'products/no_image.png', 1, 9000, 8000, 8800, 8500, 0, 0, 7, 100, '2021-02-01 15:38:25', '2021-01-05 17:52:05', NULL, 0),
('1.9-CPW', '19 LED 1034 BLANCO FLASH 12V', 3, 'products/no_image.png', 1, 3500, 2295, 3000, 2500, 0, 0, 2.4, 100, '2021-02-01 15:38:25', '2021-01-05 17:52:05', NULL, 0),
('1.9-CPW-24V', '19 LED 1034 BLANCO FLASH 24V', 3, 'products/no_image.png', 1, 4000, 2470, 3500, 2700, 0, 0, 2.6, 100, '2021-02-01 15:38:25', '2021-01-05 17:52:05', NULL, 0),
('1.9-CW', '19 LED 1034 BLANCO FIJO 12V', 3, 'products/no_image.png', 1, 2500, 1378, 2000, 1500, 0, 0, 1.35, 100, '2021-02-01 15:38:25', '2021-01-05 17:52:05', NULL, 0),
('1.9-CW-24V', '19 LED 1034 BLANCO FIJO 24V', 3, 'products/no_image.png', 1, 3000, 1597, 2500, 1800, 0, 0, 1.6, 100, '2021-02-01 15:38:25', '2021-01-05 17:52:06', NULL, 0),
('1.9-PW', '19 LED 1141 BLANCO FLASH 12V', 3, 'products/no_image.png', 1, 3500, 2295, 3000, 2500, 0, 0, 2.4, 100, '2021-02-01 15:38:25', '2021-01-05 17:52:06', NULL, 0),
('1.9-PW-24V', '19 LED 1141 BLANCO FLASH 24V', 3, 'products/no_image.png', 1, 4000, 2470, 3500, 2700, 0, 0, 2.6, 100, '2021-02-01 15:38:26', '2021-01-05 17:52:06', NULL, 0),
('1.9-W', '19 LED 1141 BLANCO FIJO 12V', 3, 'products/no_image.png', 1, 2500, 1378, 2000, 1500, 0, 0, 1.35, 100, '2021-02-01 15:38:26', '2021-01-05 17:52:06', NULL, 0),
('1.9-W-24V', '19 LED 1141 BLANCO FIJO 24V', 3, 'products/no_image.png', 1, 3000, 1597, 2500, 1800, 0, 0, 1.6, 100, '2021-02-01 15:38:26', '2021-01-05 17:52:06', NULL, 0),
('1034-CANBUS', '24 LED CANBUS BLANCO 1034 FIJO 12V', 3, 'products/no_image.png', 1, 8000, 6500, 7000, 6700, 0, 0, 5.3, 100, '2021-02-01 15:38:26', '2021-01-05 17:52:06', NULL, 0),
('10LBS', 'EXTINTOR DE 10 LBS', 37, 'products/no_image.png', 1, 28000, 26000, 27000, 26800, 0, 20000, 0, 100, '2021-02-01 15:38:26', '2021-01-05 17:52:53', NULL, 0),
('125K9W', 'EXPLORADORA MINI BARRA 3 LED BLANCA 125K 9W /', 11, 'products/no_image.png', 1, 17000, 13500, 15000, 14000, 0, 0, 14, 100, '2021-02-01 15:38:26', '2021-01-05 17:52:31', NULL, 0),
('12LED-B', 'PATRULLERA DELGADA 12LED AZUL /', 9, 'products/no_image.png', 1, 20000, 15500, 18000, 16500, 0, 0, 18, 100, '2021-02-01 15:38:26', '2021-01-05 17:52:29', NULL, 0),
('12LED-R', 'PATRULLERA DELGADA 12LED ROJA /', 9, 'products/no_image.png', 1, 20000, 15500, 18000, 16500, 0, 0, 18, 100, '2021-02-01 15:38:26', '2021-01-05 17:52:29', NULL, 0),
('12LED-R/B', 'PATRULLERA DELGADA 12LED ROJO-AZUL /', 9, 'products/no_image.png', 1, 20000, 15500, 18000, 16500, 0, 0, 18, 100, '2021-02-01 15:38:26', '2021-01-05 17:52:29', NULL, 0),
('12LED-W', 'PATRULLERA DELGADA 12LED BLANCA /', 9, 'products/no_image.png', 1, 20000, 15500, 18000, 16500, 0, 0, 18, 100, '2021-02-01 15:38:26', '2021-01-05 17:52:29', NULL, 0),
('12LED-Y', 'PATRULLERA DELGADA 12LED AMARILLA /', 9, 'products/no_image.png', 1, 20000, 15500, 18000, 16500, 0, 0, 18, 100, '2021-02-01 15:38:26', '2021-01-05 17:52:29', NULL, 0),
('15B', 'T5 3030-3 LED AZUL 12V', 3, 'products/no_image.png', 1, 1500, 1100, 1300, 1200, 0, 0, 0.7, 100, '2021-02-01 15:38:26', '2021-01-05 17:52:06', NULL, 0),
('15B-24V', 'T5 3030-3 LED AZUL 24V', 3, 'products/no_image.png', 1, 1500, 1100, 1300, 1200, 0, 0, 0.7, 100, '2021-02-01 15:38:26', '2021-01-05 17:52:06', NULL, 0),
('15W', 'T5 3030-3 LED BLANCO 12V', 3, 'products/no_image.png', 1, 1600, 1100, 1300, 1200, 0, 0, 0.7, 100, '2021-02-01 15:38:26', '2021-01-05 17:52:06', NULL, 0),
('15W-24V', 'T5 3030-3 LED BLANCO 24V', 3, 'products/no_image.png', 1, 1500, 1100, 1300, 1200, 0, 0, 0.7, 100, '2021-02-01 15:38:26', '2021-01-05 17:52:06', NULL, 0),
('1677B', 'LUNA SEMI CONVEXA NEGRO UNIVERSAL 1677B', 30, 'products/no_image.png', 1, 20000, 15000, 18000, 16000, 0, 0, 12.78, 100, '2021-02-01 15:38:26', '2021-01-05 17:52:47', NULL, 0),
('1690', 'RETROVISORES NHR CONVENCIONAL 1690', 30, 'products/no_image.png', 1, 15000, 11000, 13000, 12500, 0, 0, 12.07, 100, '2021-02-01 15:38:27', '2021-01-05 17:52:47', NULL, 0),
('1691', 'RETROVISORES NPR CONVENCIONAL 1691', 30, 'products/no_image.png', 1, 18000, 13500, 16000, 14500, 0, 0, 14.44, 100, '2021-02-01 15:38:27', '2021-01-05 17:52:47', NULL, 0),
('1699', 'SET RETROVISOR UNIVERSAL 1699', 30, 'products/no_image.png', 1, 42000, 35000, 41000, 40000, 0, 0, 45, 100, '2021-02-01 15:38:27', '2021-01-05 17:52:47', NULL, 0),
('18LED', 'PLACA TECHO 4014 18 LED', 4, 'products/no_image.png', 1, 4000, 3500, 4000, 3700, 0, 0, 2.6, 100, '2021-02-01 15:38:27', '2021-01-05 17:52:12', NULL, 0),
('1980', 'ESPEJOS DE PAITHFINDER 1980', 30, 'products/no_image.png', 1, 42000, 35000, 41000, 40000, 0, 28000, 0, 100, '2021-02-01 15:38:27', '2021-01-05 17:52:47', NULL, 0),
('1M-C', 'GUIA PARA BUMPER ACERO INOX. BUJE CHAPETA 1.0M', 12, 'products/no_image.png', 1, 110000, 100000, 105000, 103000, 0, 75000, 0, 100, '2021-02-01 15:38:27', '2021-01-05 17:52:37', NULL, 0),
('1M-T', 'GUIA PARA BUMPER ACERO INOX. BUJE TORRE 1.0M', 12, 'products/no_image.png', 1, 120000, 110000, 115000, 112000, 0, 92000, 0, 100, '2021-02-01 15:38:27', '2021-01-05 17:52:37', NULL, 0),
('2.1A', 'CARGADOR CARRO USB 2.1A NEGRO-BLANCO SAMSUNG', 22, 'products/no_image.png', 1, 5000, 3800, 4500, 3800, 0, 2500, 0, 100, '2021-02-01 15:38:27', '2021-01-05 17:52:43', NULL, 0),
('20LBS', 'EXTINTOR DE 20 LBS', 37, 'products/no_image.png', 1, 38000, 36500, 37000, 36800, 0, 28000, 0, 100, '2021-02-01 15:38:27', '2021-01-05 17:52:53', NULL, 0),
('20LED60W', 'EXPLORADORA CUADRADA 20LED60W /', 11, 'products/no_image.png', 1, 25000, 22500, 24000, 23500, 0, 0, 25, 100, '2021-02-01 15:38:27', '2021-01-05 17:52:31', NULL, 0),
('22B', 'T10 FROST PUNTA TRANSPARENTE 24V AZUL', 3, 'products/no_image.png', 1, 2500, 1550, 1900, 1700, 0, 0, 1, 100, '2021-02-01 15:38:27', '2021-01-05 17:52:06', NULL, 0),
('22P', 'T10 FROST PUNTA TRANSPARENTE 24V FUCSIA', 3, 'products/no_image.png', 1, 2500, 1550, 1900, 1700, 0, 0, 1, 100, '2021-02-01 15:38:27', '2021-01-05 17:52:06', NULL, 0),
('22Y', 'T10 FROST PUNTA TRANSPARENTE 24V AMARILLO', 3, 'products/no_image.png', 1, 2500, 1550, 1900, 1700, 0, 0, 1, 100, '2021-02-01 15:38:27', '2021-01-05 17:52:06', NULL, 0),
('23', 'T10 PLANO 5730-2LED 12V BLANCO -CAN BUS', 3, 'products/no_image.png', 1, 2000, 1247, 1500, 1300, 0, 0, 1.2, 100, '2021-02-01 15:38:27', '2021-01-05 17:52:06', NULL, 0),
('24', 'T10 PLANO 4014 24LED MULTIVOLTAJE CAN-BUS BLANCO', 3, 'products/no_image.png', 1, 3500, 2700, 3000, 2900, 0, 0, 1.9, 100, '2021-02-01 15:38:27', '2021-01-05 17:52:06', NULL, 0),
('24B', 'T10 PLANO 4014 24LED MULTIVOLTAJE CAN-BUS AZUL', 3, 'products/no_image.png', 1, 3, 2, 3, 2, 0, 0, 1.9, 100, '2021-02-01 15:38:27', '2021-02-01 15:26:34', NULL, 0),
('24BI', 'T10 PLANO 4014 24LED MULTIVOLTAJE CAN-BUS AZUL ICE', 3, 'products/no_image.png', 1, 3, 2, 3, 2, 0, 0, 1.9, 100, '2021-02-01 15:38:27', '2021-02-01 15:26:34', NULL, 0),
('24F', 'T10 PLANO 4014 24LED MULTIVOLTAJE CAN-BUS FUCSIA', 3, 'products/no_image.png', 1, 3, 2, 3, 2, 0, 0, 1.9, 100, '2021-02-01 15:38:28', '2021-02-01 15:26:35', NULL, 0),
('24G', 'T10 PLANO 4014 24LED MULTIVOLTAJE CAN-BUS GREEN', 3, 'products/no_image.png', 1, 3, 2, 3, 2, 0, 0, 1.9, 100, '2021-02-01 15:38:28', '2021-02-01 15:26:35', NULL, 0),
('24LED', 'PLACA TECHO 4014 24 LED', 4, 'products/no_image.png', 1, 4500, 4000, 4500, 4200, 0, 0, 4, 100, '2021-02-01 15:38:28', '2021-01-05 17:52:12', NULL, 0),
('24R', 'T10 PLANO 4014 24LED MULTIVOLTAJE CAN-BUS ROJO', 3, 'products/no_image.png', 1, 3, 2, 3, 2, 0, 0, 1.9, 100, '2021-02-01 15:38:28', '2021-02-01 15:26:35', NULL, 0),
('259', 'BASE GUAYA CHUPA ITEM 259', 23, 'products/no_image.png', 1, 7000, 5300, 6500, 5500, 0, 3800, 0, 100, '2021-02-01 15:38:28', '2021-01-05 17:52:43', NULL, 0),
('26K12W', 'EXPLORADORA REDONDA 4LED BLANCA 26K12W /', 11, 'products/no_image.png', 1, 25000, 18500, 22000, 20000, 0, 0, 23, 100, '2021-02-01 15:38:28', '2021-01-05 17:52:31', NULL, 0),
('27', 'T10 LUPA 3014-27 LED (12V) BLANCO -CAN BUS', 3, 'products/no_image.png', 1, 2500, 1900, 2400, 2100, 0, 0, 2.4, 100, '2021-02-01 15:38:28', '2021-01-05 17:52:06', NULL, 0),
('27K42W', 'EXPLORADORA REDONDA 14LED BLANCA 27K42W /', 11, 'products/no_image.png', 1, 35000, 28000, 32000, 29000, 0, 0, 33, 100, '2021-02-01 15:38:28', '2021-01-05 17:52:31', NULL, 0),
('29K48W', 'EXPLORADORA CUADRADA 16LED 29K48W /', 11, 'products/no_image.png', 1, 35000, 27500, 32000, 29000, 0, 0, 33, 100, '2021-02-01 15:38:28', '2021-01-05 17:52:31', NULL, 0),
('3.1A', 'CARGADOR USB 3.1A CABLE DE IPHONE NEGRO - BLANCO', 22, 'products/no_image.png', 1, 9000, 6500, 8500, 6500, 0, 5000, 0, 100, '2021-02-01 15:38:28', '2021-01-05 17:52:43', NULL, 0),
('3.3-CPW', '33 LED 1034 BLANCO FLASH 12V', 3, 'products/no_image.png', 1, 5000, 3900, 4500, 4200, 0, 0, 4.2, 100, '2021-02-01 15:38:28', '2021-01-05 17:52:06', NULL, 0),
('3.3-CPW-24V', '33 LED 1034 BLANCO FLASH 24V', 3, 'products/no_image.png', 1, 5500, 4300, 5000, 4600, 0, 0, 4.6, 100, '2021-02-01 15:38:28', '2021-01-05 17:52:06', NULL, 0),
('3.3-CW', '33 LED 1034 BLANCO FIJO 12V', 3, 'products/no_image.png', 1, 4000, 2900, 3500, 3100, 0, 0, 3.2, 100, '2021-02-01 15:38:28', '2021-01-05 17:52:06', NULL, 0),
('3.3-CW-24V', '33 LED 1034 BLANCO FIJO 24V', 3, 'products/no_image.png', 1, 4500, 3400, 4300, 3600, 0, 0, 3.6, 100, '2021-02-01 15:38:28', '2021-01-05 17:52:06', NULL, 0),
('3.3-PW', '33 LED 1141 BLANCO FLASH 12V', 3, 'products/no_image.png', 1, 5000, 3900, 4500, 4200, 0, 0, 4.2, 100, '2021-02-01 15:38:28', '2021-01-05 17:52:06', NULL, 0),
('3.3-PW-24V', '33 LED 1141 BLANCO FLASH 24V', 3, 'products/no_image.png', 1, 5500, 4300, 5000, 4600, 0, 0, 4.6, 100, '2021-02-01 15:38:28', '2021-01-05 17:52:07', NULL, 0),
('3.3-W', '33 LED 1141 BLANCO FIJO 12V', 3, 'products/no_image.png', 1, 4000, 2900, 3500, 3100, 0, 0, 3.2, 100, '2021-02-01 15:38:28', '2021-01-05 17:52:07', NULL, 0),
('3.3-W-24V', '33 LED 1141 BLANCO FIJO 24V', 3, 'products/no_image.png', 1, 4500, 3400, 4000, 3600, 0, 0, 3.6, 100, '2021-02-01 15:38:28', '2021-01-05 17:52:07', NULL, 0),
('30LED', 'PLACA TECHO 4014 30 LED', 4, 'products/no_image.png', 1, 5500, 4850, 5500, 5100, 0, 0, 5, 100, '2021-02-01 15:38:29', '2021-01-05 17:52:12', NULL, 0),
('3157-W', 'BOMBILLO FREIGHTLINER 3157 BLANCO', 3, 'products/no_image.png', 1, 6000, 5000, 5500, 5300, 0, 0, 3.5, 100, '2021-02-01 15:38:29', '2021-01-05 17:52:07', NULL, 0),
('3157-Y', 'BOMBILLO FREIGHTLINER 3157 AMARILLO', 3, 'products/no_image.png', 1, 6500, 5500, 6000, 5700, 0, 0, 3.5, 100, '2021-02-01 15:38:29', '2021-01-05 17:52:07', NULL, 0),
('31MM', 'TECHO NO POL 3030-6LED  CAN-BUS  12V 31MM', 3, 'products/no_image.png', 1, 4000, 3200, 3500, 3300, 0, 0, 2.4, 100, '2021-02-01 15:38:29', '2021-01-05 17:52:07', NULL, 0),
('31MM-24V', 'TECHO NO POL 3030-6LED  CAN-BUS  24V 31MM', 3, 'products/no_image.png', 1, 4500, 3500, 4000, 3700, 0, 0, 2.6, 100, '2021-02-01 15:38:29', '2021-01-05 17:52:07', NULL, 0),
('31MM-E', 'TECHO ECONOMICO 12V 31MM', 3, 'products/no_image.png', 1, 2000, 1500, 1800, 1500, 0, 0, 1.15, 100, '2021-02-01 15:38:29', '2021-01-05 17:52:07', NULL, 0),
('36LED', 'PLACA TECHO 4014 36 LED', 4, 'products/no_image.png', 1, 6500, 5800, 6500, 6000, 0, 0, 6, 100, '2021-02-01 15:38:29', '2021-01-05 17:52:12', NULL, 0),
('36MM', 'TECHO NO POL 3030-6LED  CAN-BUS  12V 36MM', 3, 'products/no_image.png', 1, 4000, 3200, 3500, 3300, 0, 0, 2.8, 100, '2021-02-01 15:38:29', '2021-01-05 17:52:07', NULL, 0),
('36MM-24V', 'TECHO NO POL 3030-6LED  CAN-BUS  24V 36MM', 3, 'products/no_image.png', 1, 4600, 3600, 4200, 3800, 0, 0, 2.4, 100, '2021-02-01 15:38:29', '2021-01-05 17:52:07', NULL, 0),
('36MM-E', 'TECHO ECONOMICO 12V 36MM', 3, 'products/no_image.png', 1, 2000, 1500, 1800, 1500, 0, 0, 1.15, 100, '2021-02-01 15:38:29', '2021-01-05 17:52:07', NULL, 0),
('39MM', 'TECHO NO POL 3030-6LED  CAN-BUS  12V 39MM', 3, 'products/no_image.png', 1, 4000, 3200, 3500, 3300, 0, 0, 2.4, 100, '2021-02-01 15:38:29', '2021-01-05 17:52:07', NULL, 0),
('39MM-24V', 'TECHO NO POL 3030-6LED  CAN-BUS  24V 39MM', 3, 'products/no_image.png', 1, 4700, 3700, 4400, 3900, 0, 0, 2.8, 100, '2021-02-01 15:38:29', '2021-01-05 17:52:07', NULL, 0),
('39MM-E', 'TECHO ECONOMICO 12V 39MM', 3, 'products/no_image.png', 1, 2000, 1500, 1800, 1500, 0, 0, 1.15, 100, '2021-02-01 15:38:29', '2021-01-05 17:52:07', NULL, 0),
('3R-012', 'ESPEJO REDONDO DE PUNTO CIEGO 56mm', 32, 'products/no_image.png', 1, 5500, 4500, 5000, 4800, 0, 0, 4.5, 100, '2021-02-01 15:38:29', '2021-01-05 17:52:48', NULL, 0),
('3R-020', 'ESPEJO DE ALUMINIO REDONDO PUNTO CIEGO 50mm', 32, 'products/no_image.png', 1, 3500, 2600, 3200, 2800, 0, 0, 2.8, 100, '2021-02-01 15:38:29', '2021-01-05 17:52:49', NULL, 0),
('3R-025', 'ESPEJO OVALADO CONVEXO DE PUNTO CIEGO 140x105mm', 32, 'products/no_image.png', 1, 7500, 6500, 7000, 6700, 0, 0, 7, 100, '2021-02-01 15:38:29', '2021-01-05 17:52:49', NULL, 0),
('3R-028', 'ESPEJO DE PUNTO CIEGO DOBLE 3M PARA PARQUEAR', 32, 'products/no_image.png', 1, 15000, 10000, 13000, 12000, 0, 0, 9.5, 100, '2021-02-01 15:38:29', '2021-01-05 17:52:49', NULL, 0),
('3R-030', 'ESPEJO DE ALUMINIO REDONDO PUNTO CIEGO 75mm', 32, 'products/no_image.png', 1, 3500, 2600, 3200, 2800, 0, 0, 2.8, 100, '2021-02-01 15:38:29', '2021-01-05 17:52:49', NULL, 0),
('3R-033', 'ESPEJO DE ALUMINIO REDONDO PUNTO CIEGO 95mm', 32, 'products/no_image.png', 1, 4500, 3500, 4000, 3700, 0, 0, 3.5, 100, '2021-02-01 15:38:29', '2021-01-05 17:52:49', NULL, 0),
('3R-035', 'ESPEJO REDONDO DE PUNTO CIEGO 50mm', 32, 'products/no_image.png', 1, 3000, 2400, 2800, 2600, 0, 0, 2.5, 100, '2021-02-01 15:38:29', '2021-01-05 17:52:49', NULL, 0),
('3R-048A', 'ESPEJO DE PUNTO CIEGO 53x45mm', 32, 'products/no_image.png', 1, 5500, 4800, 5200, 5000, 0, 0, 5.5, 100, '2021-02-01 15:38:29', '2021-01-05 17:52:49', NULL, 0),
('3R-048B', 'ESPEJO DE PUNTO CIEGO 55x50mm', 32, 'products/no_image.png', 1, 5500, 4800, 5200, 5000, 0, 0, 5.5, 100, '2021-02-01 15:38:30', '2021-01-05 17:52:50', NULL, 0),
('3R-048C', 'ESPEJO DE PUNTO CIEGO 43x46mm', 32, 'products/no_image.png', 1, 5500, 4800, 5200, 5000, 0, 0, 5.5, 100, '2021-02-01 15:38:30', '2021-01-05 17:52:50', NULL, 0),
('3R-048D', 'ESPEJO DE PUNTO CIEGO 55x47mm', 32, 'products/no_image.png', 1, 5500, 4800, 5200, 5000, 0, 0, 5.5, 100, '2021-02-01 15:38:30', '2021-01-05 17:52:50', NULL, 0),
('3R-048E', 'ESPEJO DE PUNTO CIEGO 53x50mm', 32, 'products/no_image.png', 1, 5500, 4800, 5200, 5000, 0, 0, 5.5, 100, '2021-02-01 15:38:30', '2021-01-05 17:52:50', NULL, 0),
('3R-048F', 'ESPEJO DE PUNTO CIEGO 50x49mm', 32, 'products/no_image.png', 1, 5500, 4800, 5200, 5000, 0, 0, 5.5, 100, '2021-02-01 15:38:30', '2021-01-05 17:52:50', NULL, 0),
('3R-054', 'ESPEJO DE PUNTO CIEGO CUADRADO 69.5x41mm', 32, 'products/no_image.png', 1, 5500, 4500, 5000, 4800, 0, 0, 4, 100, '2021-02-01 15:38:30', '2021-01-05 17:52:50', NULL, 0),
('3R-055', 'ESPEJO DE PUNTO CIEGO OVALADO 65x45mm', 32, 'products/no_image.png', 1, 5500, 4500, 5000, 4800, 0, 0, 4, 100, '2021-02-01 15:38:30', '2021-01-05 17:52:50', NULL, 0),
('3R-056', 'ESPEJO DE PUNTO CIEGO TRIANGULAR 48x48mm', 32, 'products/no_image.png', 1, 5500, 4500, 5000, 4800, 0, 0, 4, 100, '2021-02-01 15:38:30', '2021-01-05 17:52:50', NULL, 0),
('3R-093', 'ESPEJO RETROVISOR LATERAL PUNTO CIEGO', 32, 'products/no_image.png', 1, 16000, 11800, 14000, 12000, 0, 0, 11.5, 100, '2021-02-01 15:38:30', '2021-01-05 17:52:50', NULL, 0),
('3R-125', 'ESPEJO RETROVISOR ADHESIVO AJUSTABLE 145x60mm', 32, 'products/no_image.png', 1, 13000, 8700, 11500, 9000, 0, 0, 7.5, 100, '2021-02-01 15:38:30', '2021-01-05 17:52:50', NULL, 0),
('3R-145', 'ESPEJO RETROVISOR ADHESIVO CONVEXO 145x63mm', 32, 'products/no_image.png', 1, 8500, 7200, 8000, 7500, 0, 0, 6, 100, '2021-02-01 15:38:30', '2021-01-05 17:52:51', NULL, 0),
('3R-257', 'ESPEJO DE PUNTO CIEGO REDONDO 52mm', 32, 'products/no_image.png', 1, 4000, 3000, 3500, 3300, 0, 0, 3, 100, '2021-02-01 15:38:31', '2021-01-05 17:52:51', NULL, 0),
('3R-331', 'ESPEJO RETROVISOR CURVO 300MM', 32, 'products/no_image.png', 1, 18000, 13000, 15000, 14000, 0, 0, 11.5, 100, '2021-02-01 15:38:31', '2021-01-05 17:52:51', NULL, 0),
('3R-332', 'ESPEJO RETROVISOR PLANO 300MM', 32, 'products/no_image.png', 1, 18000, 13000, 16000, 14000, 0, 0, 11.5, 100, '2021-02-01 15:38:31', '2021-01-05 17:52:51', NULL, 0),
('3R-339', 'ESPEJO RETROVISOR 300MM SIN MARCO', 32, 'products/no_image.png', 1, 18000, 13000, 16000, 14000, 0, 0, 11.5, 100, '2021-02-01 15:38:31', '2021-01-05 17:52:51', NULL, 0),
('40LED120W', 'EXPLORADORA CUADRADA 40LED120W /', 11, 'products/no_image.png', 1, 40000, 36000, 38500, 37500, 0, 0, 40, 100, '2021-02-01 15:38:31', '2021-01-05 17:52:31', NULL, 0),
('41K45WAMA', 'EXPLORADORA KW AMARILLA 41K45WAMA /', 11, 'products/no_image.png', 1, 45000, 36500, 41000, 38500, 0, 0, 40, 100, '2021-02-01 15:38:31', '2021-01-05 17:52:31', NULL, 0),
('41K45WBLA', 'EXPLORADORA KW BLANCA 41K45WBLA /', 11, 'products/no_image.png', 1, 45000, 36500, 42000, 38500, 0, 0, 39, 100, '2021-02-01 15:38:31', '2021-01-05 17:52:31', NULL, 0),
('41MM', 'TECHO NO POL 3030-6LED  CAN-BUS  12V 41MM', 3, 'products/no_image.png', 1, 4000, 3200, 3500, 3300, 0, 0, 2.4, 100, '2021-02-01 15:38:31', '2021-01-05 17:52:07', NULL, 0),
('41MM-24V', 'TECHO NO POL 3030-6LED  CAN-BUS  24V 41MM', 3, 'products/no_image.png', 1, 4800, 3800, 4600, 4400, 0, 0, 3.1, 100, '2021-02-01 15:38:31', '2021-01-05 17:52:07', NULL, 0),
('41MM-E', 'TECHO ECONOMICO 12V 41MM', 3, 'products/no_image.png', 1, 2000, 1500, 1800, 1500, 0, 0, 1.15, 100, '2021-02-01 15:38:32', '2021-01-05 17:52:07', NULL, 0),
('42K36W', 'EXPLORADORA REDONDA 12LED BLANCA 42K36W /', 11, 'products/no_image.png', 1, 45000, 40000, 43500, 41500, 0, 0, 43, 100, '2021-02-01 15:38:32', '2021-01-05 17:52:31', NULL, 0),
('48LED', 'PLACA TECHO 4014 48 LED', 4, 'products/no_image.png', 1, 7500, 6900, 7500, 7100, 0, 0, 7.2, 100, '2021-02-01 15:38:32', '2021-01-05 17:52:12', NULL, 0),
('4LED-B', 'PATRULLERA DELGADA 4LED AZUL /', 9, 'products/no_image.png', 1, 15000, 11500, 13500, 12500, 0, 0, 11.5, 100, '2021-02-01 15:38:32', '2021-01-05 17:52:29', NULL, 0),
('4LED-R', 'PATRULLERA DELGADA 4LED ROJO /', 9, 'products/no_image.png', 1, 15000, 11500, 13500, 12500, 0, 0, 11.5, 100, '2021-02-01 15:38:32', '2021-01-05 17:52:29', NULL, 0),
('4LED-R/B', 'PATRULLERA DELGADA 4LED ROJO-AZUL /', 9, 'products/no_image.png', 1, 15000, 11500, 13500, 12500, 0, 0, 11.5, 100, '2021-02-01 15:38:32', '2021-01-05 17:52:29', NULL, 0),
('4LED-W', 'PATRULLERA DELGADA 4LED BLANCA /', 9, 'products/no_image.png', 1, 15000, 11500, 13500, 12500, 0, 0, 11.5, 100, '2021-02-01 15:38:32', '2021-01-05 17:52:29', NULL, 0),
('4LED-Y', 'PATRULLERA DELGADA 4LED AMARILLO /', 9, 'products/no_image.png', 1, 15000, 11500, 13500, 12500, 0, 0, 11.5, 100, '2021-02-01 15:38:32', '2021-01-05 17:52:30', NULL, 0),
('5.0-CPR', '9 LED ACRILICO 1034 ROJO FLASH 12V', 3, 'products/no_image.png', 1, 5500, 4200, 4700, 4400, 0, 0, 3.5, 100, '2021-02-01 15:38:32', '2021-01-05 17:52:07', NULL, 0),
('5.0-CPR-24V', '9 LED ACRILICO 1034 ROJO FLASH 24V', 3, 'products/no_image.png', 1, 5500, 4500, 5000, 4700, 0, 0, 3.5, 100, '2021-02-01 15:38:32', '2021-01-05 17:52:07', NULL, 0),
('5.0-CPW', '9 LED ACRILICO 1034 BLANCO FLASH 12V', 3, 'products/no_image.png', 1, 5500, 4200, 4700, 4400, 0, 0, 3.5, 100, '2021-02-01 15:38:32', '2021-01-05 17:52:07', NULL, 0),
('5.0-CPW-24V', '9 LED ACRILICO 1034 BLANCO FLASH 24V', 3, 'products/no_image.png', 1, 5500, 4500, 5000, 4700, 0, 0, 3.5, 100, '2021-02-01 15:38:32', '2021-01-05 17:52:07', NULL, 0),
('5.0-CW', '9 LED ACRILICO 1034 BLANCO FIJO 12V', 3, 'products/no_image.png', 1, 4500, 3200, 3500, 3400, 0, 0, 2.4, 100, '2021-02-01 15:38:32', '2021-01-05 17:52:08', NULL, 0),
('5.0-CW-24V', '9 LED ACRILICO 1034 BLANCO FIJO 24V', 3, 'products/no_image.png', 1, 4500, 3500, 3800, 3600, 0, 0, 2.4, 100, '2021-02-01 15:38:32', '2021-01-05 17:52:08', NULL, 0),
('5.0-PW', '9 LED ACRILICO 1141 BLANCO FLASH 12V', 3, 'products/no_image.png', 1, 5500, 4200, 4700, 4400, 0, 0, 3.4, 100, '2021-02-01 15:38:33', '2021-01-05 17:52:08', NULL, 0),
('5.0-PW-24V', '9 LED ACRILICO 1141 BLANCO FLASH 24V', 3, 'products/no_image.png', 1, 5500, 4500, 5000, 4700, 0, 0, 3.5, 100, '2021-02-01 15:38:33', '2021-01-05 17:52:08', NULL, 0),
('5.0-PY', '9 LED ACRILICO 1141 AMARILLO FLASH 12V', 3, 'products/no_image.png', 1, 5500, 4200, 4700, 4400, 0, 0, 3.4, 100, '2021-02-01 15:38:33', '2021-01-05 17:52:08', NULL, 0),
('5.0-PY-24V', '9 LED ACRILICO 1141 AMARILLO FLASH 24V', 3, 'products/no_image.png', 1, 5500, 4500, 5000, 4700, 0, 0, 3.5, 100, '2021-02-01 15:38:33', '2021-01-05 17:52:08', NULL, 0),
('5.0-R', '9 LED ACRILICO 1034 ROJO FIJO 12V', 3, 'products/no_image.png', 1, 4500, 3200, 3500, 3400, 0, 0, 2.4, 100, '2021-02-01 15:38:33', '2021-01-05 17:52:08', NULL, 0),
('5.0-R-24V', '9 LED ACRILICO 1034 ROJO FIJO 24V', 3, 'products/no_image.png', 1, 4500, 3500, 3800, 3600, 0, 0, 2.4, 100, '2021-02-01 15:38:33', '2021-01-05 17:52:08', NULL, 0),
('5.0-W', '9 LED ACRILICO 1141 BLANCO FIJO 12V', 3, 'products/no_image.png', 1, 4500, 3200, 3500, 3400, 0, 0, 2.4, 100, '2021-02-01 15:38:33', '2021-01-05 17:52:08', NULL, 0),
('5.0-W-24V', '9 LED ACRILICO 1141 BLANCO FIJO 24V', 3, 'products/no_image.png', 1, 4500, 3500, 3800, 3600, 0, 0, 2.4, 100, '2021-02-01 15:38:33', '2021-01-05 17:52:08', NULL, 0),
('5.0-Y', '9 LED ACRILICO 1141 AMARILLO FIJO 12V', 3, 'products/no_image.png', 1, 4500, 3200, 3500, 3400, 0, 0, 2.4, 100, '2021-02-01 15:38:33', '2021-01-05 17:52:08', NULL, 0),
('5.0-Y-24V', '9 LED ACRILICO 1141 AMARILLO FIJO 24V', 3, 'products/no_image.png', 1, 4500, 3500, 3800, 3600, 0, 0, 2.4, 100, '2021-02-01 15:38:33', '2021-01-05 17:52:08', NULL, 0),
('53B-12V', 'BOMBILLO BASS 53 AZUL 12V', 3, 'products/no_image.png', 1, 2000, 1500, 1450, 1800, 0, 0, 1.2, 100, '2021-02-01 15:38:33', '2021-01-05 17:52:08', NULL, 0),
('53B-24V', 'BOMBILLO BASS 53 AZUL 24V', 3, 'products/no_image.png', 1, 2000, 1500, 1450, 1800, 0, 0, 1.2, 100, '2021-02-01 15:38:33', '2021-01-05 17:52:08', NULL, 0),
('53W-12V', 'BOMBILLO BASS 53 BLANCO 12V', 3, 'products/no_image.png', 1, 2000, 1500, 1450, 1800, 0, 0, 1.2, 100, '2021-02-01 15:38:33', '2021-01-05 17:52:08', NULL, 0),
('53W-24V', 'BOMBILLO BASS 53 BLANCO 24V', 3, 'products/no_image.png', 1, 2000, 1500, 1450, 1800, 0, 0, 1.2, 100, '2021-02-01 15:38:33', '2021-01-05 17:52:08', NULL, 0),
('5LBS', 'EXTINTOR DE 5 LBS', 37, 'products/no_image.png', 1, 16000, 15000, 15700, 15500, 0, 12000, 0, 100, '2021-02-01 15:38:33', '2021-01-05 17:52:53', NULL, 0),
('60', 'BOTIQUIN', 38, 'products/no_image.png', 1, 11500, 10500, 10800, 10500, 0, 8000, 0, 100, '2021-02-01 15:38:33', '2021-01-05 17:52:53', NULL, 0),
('601-1', 'SUICHE PEQUEÑO CON PILOTO 1 CONTACTO 601-1 /', 52, 'products/no_image.png', 1, 1250, 1050, 1150, 1100, 0, 0, 1, 100, '2021-02-01 15:38:33', '2021-01-05 17:53:03', NULL, 0),
('602-1', 'SUICHE MDNO CON PILOTO 1 CONTACTOS 602-1 /', 52, 'products/no_image.png', 1, 1600, 1350, 1550, 1450, 0, 0, 1.2, 100, '2021-02-01 15:38:33', '2021-01-05 17:53:03', NULL, 0),
('602-2', 'SUICHE NEGRO MEDIANO 2 CONTACTOS 602-2 /', 52, 'products/no_image.png', 1, 1400, 1100, 1300, 1200, 0, 0, 1.1, 100, '2021-02-01 15:38:34', '2021-01-05 17:53:03', NULL, 0),
('602-3', 'SUICHE NEGRO MEDIANO 1 CONTACTO 602-3 /', 52, 'products/no_image.png', 1, 1000, 650, 850, 700, 0, 0, 0.65, 100, '2021-02-01 15:38:34', '2021-01-05 17:53:03', NULL, 0),
('603', 'SUICHE DOBLE CON PILOTO 603 /', 52, 'products/no_image.png', 1, 2500, 2000, 2300, 2100, 0, 0, 1.8, 100, '2021-02-01 15:38:34', '2021-01-05 17:53:03', NULL, 0),
('604', 'SUICHE PEQUEÑO REDONDO ROJO 604 /', 52, 'products/no_image.png', 1, 1000, 600, 900, 800, 0, 0, 0.5, 100, '2021-02-01 15:38:34', '2021-01-05 17:53:03', NULL, 0),
('605', 'SUICHE BOTON ROJO/NEGRO TIPO PITO 605 /', 52, 'products/no_image.png', 1, 1300, 950, 1150, 1100, 0, 0, 0.8, 100, '2021-02-01 15:38:34', '2021-01-05 17:53:03', NULL, 0),
('605-1', 'SUICHE BOTON ROJO/NEGRO ON-OFF 605-1 /', 52, 'products/no_image.png', 1, 1100, 800, 900, 850, 0, 0, 0.8, 100, '2021-02-01 15:38:34', '2021-01-05 17:53:03', NULL, 0),
('60K21W-W', 'EXPLORADORA REDONDA 7LED BLANCA 60K21WBLA /', 11, 'products/no_image.png', 1, 30000, 26500, 28000, 27500, 0, 0, 29, 100, '2021-02-01 15:38:34', '2021-01-05 17:52:31', NULL, 0),
('60K21W-Y', 'EXPLORADORA REDONDA 7LED AMARILLA 60K21WAMA /', 11, 'products/no_image.png', 1, 30000, 26500, 28000, 27500, 0, 0, 30, 100, '2021-02-01 15:38:34', '2021-01-05 17:52:31', NULL, 0),
('60X100', 'AVISO CARGA LARGA 60X100 CM', 8, 'products/no_image.png', 1, 25000, 19500, 22000, 20000, 0, 15000, 0, 100, '2021-02-01 15:38:34', '2021-01-05 17:52:55', NULL, 0),
('61', 'KIT DE CARRETERA', 38, 'products/no_image.png', 1, 26000, 23000, 25000, 24000, 0, 20000, 0, 100, '2021-02-02 09:39:36', '2021-01-05 17:52:53', NULL, 0),
('62', 'KIT DE DERRAME', 38, 'products/no_image.png', 1, 110000, 100000, 110000, 105000, 0, 85000, 0, 100, '2021-02-01 15:38:34', '2021-01-05 17:52:53', NULL, 0),
('6LED-B', 'PATRULLERA DELGADA 6LED AZUL /', 9, 'products/no_image.png', 1, 17000, 13500, 15500, 14500, 0, 0, 14, 100, '2021-02-01 15:38:35', '2021-01-05 17:52:30', NULL, 0),
('6LED-R', 'PATRULLERA DELGADA 6LED ROJO /', 9, 'products/no_image.png', 1, 17000, 13500, 15500, 14500, 0, 0, 14, 100, '2021-02-01 15:38:35', '2021-01-05 17:52:30', NULL, 0),
('6LED-R/B', 'PATRULLERA DELGADA 6LED ROJO-AZUL /', 9, 'products/no_image.png', 1, 17000, 13500, 15500, 14500, 0, 0, 14, 100, '2021-02-01 15:38:35', '2021-01-05 17:52:30', NULL, 0),
('6LED-W', 'PATRULLERA DELGADA 6LED BLANCA /', 9, 'products/no_image.png', 1, 17000, 13500, 15500, 14500, 0, 0, 14, 100, '2021-02-01 15:38:35', '2021-01-05 17:52:30', NULL, 0),
('6LED-Y', 'PATRULLERA DELGADA 6LED AMARILLA /', 9, 'products/no_image.png', 1, 17000, 13500, 15500, 14500, 0, 0, 14, 100, '2021-02-01 15:38:35', '2021-01-05 17:52:30', NULL, 0),
('70X70', 'AVISO CARGA LARGA 70X70', 8, 'products/no_image.png', 1, 20000, 16000, 18000, 17000, 0, 12000, 0, 100, '2021-02-01 15:38:35', '2021-01-05 17:52:55', NULL, 0),
('739', 'ESPEJO AUXILIAR FTR 739', 30, 'products/no_image.png', 1, 45000, 35000, 40000, 37000, 0, 0, 30.53, 100, '2021-02-01 15:38:35', '2021-01-05 17:52:47', NULL, 0),
('749', 'ESPEJO PRINCIPAL FTR 749', 30, 'products/no_image.png', 1, 50000, 37000, 45000, 40000, 0, 0, 39.06, 100, '2021-02-01 15:38:35', '2021-01-05 17:52:47', NULL, 0),
('75K45W', 'UNIDAD DE EAGLE EN LED 75K45W /', 5, 'products/no_image.png', 1, 45000, 39000, 45000, 42000, 0, 0, 39, 100, '2021-02-01 15:38:35', '2021-01-05 17:52:13', NULL, 0),
('77K65W', 'EXPLORADORA EAGLE LUJO 77K 65W /', 5, 'products/no_image.png', 1, 85000, 75000, 80000, 77500, 0, 0, 78, 100, '2021-02-01 15:38:35', '2021-01-05 17:52:13', NULL, 0),
('79K24W', 'EXPLORADORA REDONDA 8LED BLANCA 79K24W /', 11, 'products/no_image.png', 1, 24000, 20500, 23000, 21500, 0, 0, 23, 100, '2021-02-01 15:38:35', '2021-01-05 17:52:32', NULL, 0),
('7K18W-W', 'EXPLORADORA 6LED LINEAL BLANCA 7K18WBLA /', 11, 'products/no_image.png', 1, 21000, 16000, 18000, 17000, 0, 0, 18, 100, '2021-02-01 15:38:35', '2021-01-05 17:52:32', NULL, 0),
('7K18W-Y', 'EXPLORADORA 6LED LINEAL AMARILLA 7K18WAMA /', 11, 'products/no_image.png', 1, 21000, 16000, 18000, 17000, 0, 0, 20, 100, '2021-02-01 15:38:35', '2021-01-05 17:52:32', NULL, 0),
('80MM', 'ESPEJO ANTILLUVIA CIRCULAR 80MM', 33, 'products/no_image.png', 1, 8000, 6000, 7500, 6500, 0, 0, 3.5, 100, '2021-02-01 15:38:35', '2021-01-05 17:52:51', NULL, 0),
('85B-12V', 'CINTA LED 12V 5050-5M AZUL', 6, 'products/no_image.png', 1, 20000, 15500, 17000, 16000, 0, 0, 17.5, 100, '2021-02-01 15:38:35', '2021-01-05 17:52:19', NULL, 0),
('85B-24V', 'CINTA LED 24V 5050-5M AZUL', 6, 'products/no_image.png', 1, 20000, 15500, 17000, 16000, 0, 0, 17.5, 100, '2021-02-01 15:38:35', '2021-01-05 17:52:19', NULL, 0),
('85BI-12V', 'CINTA LED 12V 5050-5M AZUL ICE', 6, 'products/no_image.png', 1, 20000, 15500, 17000, 16000, 0, 0, 17.5, 100, '2021-02-01 15:38:36', '2021-01-05 17:52:19', NULL, 0),
('85BI-24V', 'CINTA LED 24V 5050-5M AZUL ICE', 6, 'products/no_image.png', 1, 20000, 15500, 17000, 16000, 0, 0, 17.5, 100, '2021-02-01 15:38:36', '2021-01-05 17:52:19', NULL, 0),
('85G-12V', 'CINTA LED 12V 5050-5M VERDE', 6, 'products/no_image.png', 1, 20000, 15500, 17000, 16000, 0, 0, 17.5, 100, '2021-02-01 15:38:36', '2021-01-05 17:52:19', NULL, 0),
('85G-24V', 'CINTA LED 24V 5050-5M VERDE', 6, 'products/no_image.png', 1, 20000, 15500, 17000, 16000, 0, 0, 17.5, 100, '2021-02-01 15:38:36', '2021-01-05 17:52:19', NULL, 0),
('85P-12V', 'CINTA LED 12V 5050-5M FUCSIA', 6, 'products/no_image.png', 1, 20000, 15500, 17000, 16000, 0, 0, 17.5, 100, '2021-02-01 15:38:36', '2021-01-05 17:52:19', NULL, 0),
('85P-24V', 'CINTA LED 24V 5050-5M FUCSIA', 6, 'products/no_image.png', 1, 20000, 15500, 17000, 16000, 0, 0, 17.5, 100, '2021-02-01 15:38:36', '2021-01-05 17:52:20', NULL, 0),
('85R-12V', 'CINTA LED 12V 5050-5M ROJA', 6, 'products/no_image.png', 1, 20000, 15500, 17000, 16000, 0, 0, 17.5, 100, '2021-02-01 15:38:36', '2021-01-05 17:52:20', NULL, 0),
('85R-24V', 'CINTA LED 24V 5050-5M ROJA', 6, 'products/no_image.png', 1, 20000, 15500, 17000, 16000, 0, 0, 17.5, 100, '2021-02-01 15:38:36', '2021-01-05 17:52:20', NULL, 0),
('85W-12V', 'CINTA LED 12V 5050-5M BLANCA', 6, 'products/no_image.png', 1, 20000, 15500, 17000, 16000, 0, 0, 17.5, 100, '2021-02-01 15:38:36', '2021-01-05 17:52:20', NULL, 0),
('85W-24V', 'CINTA LED 24V 5050-5M BLANCA', 6, 'products/no_image.png', 1, 20000, 15500, 17000, 16000, 0, 0, 17.5, 100, '2021-02-01 15:38:36', '2021-01-05 17:52:20', NULL, 0),
('85Y-12V', 'CINTA LED 12V 5050-5M AMARILLO', 6, 'products/no_image.png', 1, 20000, 15500, 17000, 16000, 0, 0, 17.5, 100, '2021-02-01 15:38:36', '2021-01-05 17:52:20', NULL, 0),
('85Y-24V', 'CINTA LED 24V 5050-5M AMARILLO', 6, 'products/no_image.png', 1, 20000, 15500, 17000, 16000, 0, 0, 17.5, 100, '2021-02-01 15:38:36', '2021-01-05 17:52:20', NULL, 0),
('880-L', 'BOMBILLOS 880 LUXURY 15.000 LM', 5, 'products/no_image.png', 1, 150000, 130000, 140000, 135000, 0, 100000, 0, 100, '2021-02-01 15:38:36', '2021-01-05 17:52:13', NULL, 0),
('880/881C6', 'BOMBILLO 880/881 C6 28W 12V-36V', 5, 'products/no_image.png', 1, 18000, 13000, 16000, 14000, 0, 0, 11, 100, '2021-02-01 15:38:37', '2021-01-05 17:52:13', NULL, 0),
('880R9', 'BOMBILLOS 880 R9 8000LM', 5, 'products/no_image.png', 1, 55000, 47500, 52500, 49000, 0, 0, 50, 100, '2021-02-01 15:38:37', '2021-01-05 17:52:14', NULL, 0),
('9005-L', 'BOMBILLOS 9005 LUXURY 15.000 LM', 5, 'products/no_image.png', 1, 150000, 130000, 140000, 135000, 0, 100000, 0, 100, '2021-02-01 15:38:37', '2021-01-05 17:52:14', NULL, 0),
('9005C6', 'BOMBILLO 9005 C6 28W 12V-36V', 5, 'products/no_image.png', 1, 18000, 13000, 16000, 14000, 0, 0, 11, 100, '2021-02-01 15:38:37', '2021-01-05 17:52:15', NULL, 0),
('9005R9', 'BOMBILLOS 9005 R9 8000LM', 5, 'products/no_image.png', 1, 55000, 38500, 52500, 49000, 0, 0, 90, 100, '2021-02-01 15:38:38', '2021-01-05 17:52:15', NULL, 0),
('9006-L', 'BOMBILLOS 9006 LUXURY 15.000 LM', 5, 'products/no_image.png', 1, 150000, 130000, 140000, 135000, 0, 100000, 0, 100, '2021-02-01 15:38:38', '2021-01-05 17:52:15', NULL, 0),
('9006C6', 'BOMBILLO 9006 C6 28W 12V-36V', 5, 'products/no_image.png', 1, 18000, 13000, 16000, 14000, 0, 0, 11, 100, '2021-02-01 15:38:38', '2021-01-05 17:52:15', NULL, 0),
('9006R9', 'BOMBILLOS 9006 R9 8000LM', 5, 'products/no_image.png', 1, 55000, 38500, 52500, 49000, 0, 0, 90, 100, '2021-02-01 15:38:38', '2021-01-05 17:52:15', NULL, 0),
('913AL', 'RETROVISOR IZQUIERDO DE CASCADIA CROMADO 913AL', 30, 'products/no_image.png', 1, 145000, 135000, 140000, 139000, 0, 0, 136.35, 100, '2021-02-01 15:38:38', '2021-01-05 17:52:47', NULL, 0),
('913AR', 'RETROVISOR DERECHO DE CASCADIA CROMADO 913AR', 30, 'products/no_image.png', 1, 145000, 135000, 140000, 139000, 0, 0, 136.35, 100, '2021-02-01 15:38:38', '2021-01-05 17:52:47', NULL, 0),
('913L', 'RETROVISOR IZQUIERDO DE CASCADIA NEGRO 913L', 30, 'products/no_image.png', 1, 135000, 120000, 130000, 125000, 0, 0, 118.35, 100, '2021-02-01 15:38:38', '2021-01-05 17:52:47', NULL, 0),
('913R', 'RETROVISOR DERECHO DE CASCADIA NEGRO 913R', 30, 'products/no_image.png', 1, 135000, 120000, 130000, 125000, 0, 0, 118.35, 100, '2021-02-01 15:38:38', '2021-01-05 17:52:47', NULL, 0),
('921A', 'LUNA DE INTERNATIONAL PROSTAR 921A', 30, 'products/no_image.png', 1, 80000, 69000, 78000, 75000, 0, 0, 95.25, 100, '2021-02-01 15:38:38', '2021-01-05 17:52:47', NULL, 0),
('921AL', 'ESPEJO CAPO IZQUIERDO PROSTAR 921AL', 30, 'products/no_image.png', 1, 180000, 170000, 175000, 173000, 0, 0, 221.1, 100, '2021-02-01 15:38:38', '2021-01-05 17:52:47', NULL, 0),
('921AR', 'ESPEJO CAPO DERECHO PROSTAR 921AR', 30, 'products/no_image.png', 1, 180000, 170000, 175000, 173000, 0, 0, 221.1, 100, '2021-02-01 15:38:38', '2021-01-05 17:52:47', NULL, 0),
('94K18W', 'EXPLORADORA CUADRADA MINI 6LED 94K18W /', 11, 'products/no_image.png', 1, 22000, 16500, 19500, 18000, 0, 0, 17, 100, '2021-02-01 15:38:38', '2021-01-05 17:52:32', NULL, 0),
('95MM', 'ESPEJO ANTILLUVIA CIRCULAR 95MM', 33, 'products/no_image.png', 1, 8000, 6000, 7500, 6500, 0, 0, 4.5, 100, '2021-02-01 15:38:38', '2021-01-05 17:52:51', NULL, 0),
('96K9W-W', 'EXPLORADORA MINI 3LED BLANCO 96K9W /', 11, 'products/no_image.png', 1, 17000, 14500, 17000, 15500, 0, 0, 16, 100, '2021-02-01 15:38:38', '2021-01-05 17:52:32', NULL, 0),
('96K9W-Y', 'EXPLORADORA MINI 3LED AMARILLO 96K9WAMA /', 11, 'products/no_image.png', 1, 17000, 14500, 17000, 15500, 0, 0, 18, 100, '2021-02-01 15:38:38', '2021-01-05 17:52:32', NULL, 0),
('976', 'LUNA AUXILIAR ACERO 7.5&quot; 976', 30, 'products/no_image.png', 1, 25000, 18500, 21000, 19500, 0, 0, 23.79, 100, '2021-02-01 15:38:39', '2021-01-05 17:52:47', NULL, 0),
('977', 'LUNA AUXILIAR ACERO 5&quot; 977', 30, 'products/no_image.png', 1, 19000, 15000, 16500, 16000, 0, 0, 17.75, 100, '2021-02-01 15:38:39', '2021-01-05 17:52:48', NULL, 0),
('981C', 'LUNA AUXILIAR ACERO 8&quot; 981C', 30, 'products/no_image.png', 1, 28000, 19500, 25000, 23000, 0, 0, 25.21, 100, '2021-02-01 15:38:39', '2021-01-05 17:52:48', NULL, 0),
('981D', 'LUNA AUXILIAR ACERO 8,5&quot; 981D', 30, 'products/no_image.png', 1, 30000, 20500, 27000, 24000, 0, 0, 26.27, 100, '2021-02-01 15:38:39', '2021-01-05 17:52:48', NULL, 0),
('982', 'ESPEJO RETROVISOR VOLQUETA ACERO 982', 30, 'products/no_image.png', 1, 45000, 38000, 42000, 40000, 0, 0, 35.51, 100, '2021-02-01 15:38:39', '2021-01-05 17:52:48', NULL, 0),
('986', 'LUNA AUXILIAR ACERO 6&quot; 986', 30, 'products/no_image.png', 1, 25000, 17000, 20000, 18000, 0, 0, 20.95, 100, '2021-02-01 15:38:39', '2021-01-05 17:52:48', NULL, 0),
('99K24W', 'EXPLORADORA 8LED LINEAL BLANCA 99K24W /', 11, 'products/no_image.png', 1, 34000, 28000, 32000, 30000, 0, 0, 31, 100, '2021-02-01 15:38:39', '2021-01-05 17:52:33', NULL, 0),
('A001', 'CINTURON DE SEGURIDAD 3 PUNTOS RETRACTIL 1-1/30-1', 41, 'products/no_image.png', 1, 45000, 32000, 40000, 37500, 0, 0, 27, 100, '2021-02-01 15:38:39', '2021-01-05 17:52:55', NULL, 0),
('A004', 'MEDIDOR DE AIRE ANALOGO', 42, 'products/no_image.png', 1, 20000, 14000, 17000, 14500, 0, 0, 14.5, 100, '2021-02-01 15:38:39', '2021-01-05 17:52:55', NULL, 0),
('A005', 'RELOJ DIGITAL A005', 42, 'products/no_image.png', 1, 7000, 5200, 6500, 6000, 0, 0, 5.5, 100, '2021-02-01 15:38:39', '2021-01-05 17:52:55', NULL, 0),
('A006', 'MARTILLO DE SEGURIDAD BUS A006', 42, 'products/no_image.png', 1, 11000, 7500, 9000, 8500, 0, 0, 6.5, 100, '2021-02-01 15:38:39', '2021-01-05 17:52:55', NULL, 0),
('A007', 'MEDIDOR DE AIRE DIGITAL', 42, 'products/no_image.png', 1, 20000, 14000, 17000, 14500, 0, 0, 15, 100, '2021-02-01 15:38:39', '2021-01-05 17:52:55', NULL, 0),
('A008', 'LINTERNA LED A008', 42, 'products/no_image.png', 1, 10000, 7500, 9000, 8000, 0, 0, 8, 100, '2021-02-01 15:38:39', '2021-01-05 17:52:56', NULL, 0),
('A009', 'TRIANGULO REFLECTIVO LED - PANEL SOLAR', 38, 'products/no_image.png', 1, 40000, 30000, 35000, 33000, 0, 0, 33, 100, '2021-02-01 15:38:39', '2021-01-05 17:52:54', NULL, 0),
('A010', 'TRIANGULO REFLECTIVO LED A010', 38, 'products/no_image.png', 1, 50000, 40000, 48000, 43000, 0, 0, 44, 100, '2021-02-01 15:38:39', '2021-01-05 17:52:54', NULL, 0),
('A31', 'CABLE AUXILIAR 1X1 PUNTA EN L (NEGRO-BLANCO-GRIS)', 28, 'products/no_image.png', 1, 6000, 4500, 5500, 4500, 0, 3200, 0, 100, '2021-02-01 15:38:39', '2021-01-05 17:52:46', NULL, 0),
('A32', 'CABLE AUXILIAR 1X1 NEGRO-BLANCO-GRIS', 28, 'products/no_image.png', 1, 6000, 4500, 5500, 4500, 0, 3200, 0, 100, '2021-02-01 15:38:39', '2021-01-05 17:52:46', NULL, 0),
('AEROSOL', 'ALCOHOL 70% EN AEROSOL 600ml', 44, 'products/no_image.png', 1, 15000, 15000, 15000, 15000, 0, 12000, 0, 100, '2021-02-01 15:38:39', '2021-01-05 17:52:56', NULL, 0),
('AIR-BM', 'AMBIENTADOR 14ML BRISA MARINA', 2, 'products/no_image.png', 1, 8500, 7500, 8000, 0, 0, 0, 0, 100, '2021-02-01 15:38:39', '2021-01-05 17:52:03', NULL, 0),
('AIR-C', 'AMBIENTADOR 14ML CITRUS', 2, 'products/no_image.png', 1, 8500, 7500, 8000, 0, 0, 0, 0, 100, '2021-02-01 15:38:40', '2021-01-05 17:52:03', NULL, 0),
('AIR-FA', 'AMBIENTADOR 14ML FANTASY APPLE', 2, 'products/no_image.png', 1, 8500, 7500, 8000, 0, 0, 0, 0, 100, '2021-02-01 15:38:40', '2021-01-05 17:52:04', NULL, 0),
('AIR-FR', 'AMBIENTADOR 14ML FRUTOS ROJOS', 2, 'products/no_image.png', 1, 8500, 7500, 8000, 0, 0, 0, 0, 100, '2021-02-01 15:38:40', '2021-01-05 17:52:04', NULL, 0),
('AIR-HC', 'AMBIENTADOR 14ML HIERBAS CAMPESTRES', 2, 'products/no_image.png', 1, 8500, 7500, 8000, 0, 0, 0, 0, 100, '2021-02-01 15:38:40', '2021-01-05 17:52:04', NULL, 0),
('AIR-P', 'AUDIFONOS AIRPODS PRO SENSOR BLUETOOTH AAA', 2, 'products/no_image.png', 1, 120000, 0, 0, 0, 0, 0, 0, 100, '2021-02-01 15:38:40', '2021-01-05 17:52:04', NULL, 0),
('AIR-TF', 'AMBIENTADOR 14ML TROPICAL FRUIT', 2, 'products/no_image.png', 1, 8500, 7500, 8000, 0, 0, 0, 0, 100, '2021-02-01 15:38:40', '2021-01-05 17:52:04', NULL, 0),
('AIR-V', 'AMBIENTADOR 14ML VAINILLA', 2, 'products/no_image.png', 1, 8500, 7500, 8000, 0, 0, 0, 0, 100, '2021-02-01 15:38:40', '2021-01-05 17:52:04', NULL, 0),
('ANILLO-10LBS', 'ANILLO DE SEGURIDAD EXTINTOR 10 LBS', 37, 'products/no_image.png', 1, 150, 80, 120, 100, 0, 50, 0, 100, '2021-02-01 15:38:40', '2021-01-05 17:52:53', NULL, 0),
('ANILLO-5LBS', 'ANILLO DE SEGURIDAD EXTINTOR 5 LBS', 37, 'products/no_image.png', 1, 150, 80, 120, 100, 0, 50, 0, 100, '2021-02-01 15:38:40', '2021-01-05 17:52:53', NULL, 0),
('AURI-S', 'AURICULARES SAMSUNG', 25, 'products/no_image.png', 1, 5000, 3500, 4500, 4000, 0, 2500, 0, 100, '2021-02-01 15:38:40', '2021-01-05 17:52:45', NULL, 0),
('AURIMARCAS', 'AURICULARES MARCAS', 25, 'products/no_image.png', 1, 5500, 4000, 5000, 4500, 0, 3000, 0, 100, '2021-02-01 15:38:40', '2021-01-05 17:52:45', NULL, 0),
('AV-1', 'LLAVERO MARCAS', 2, 'products/no_image.png', 1, 3000, 2000, 2500, 0, 0, 0, 0, 100, '2021-02-01 15:38:40', '2021-01-05 17:52:04', NULL, 0),
('AV-104', 'LAMPARA BUMPER TOYOTA RUSH', 18, 'products/no_image.png', 1, 150000, 120000, 140000, 130000, 0, 100000, 0, 100, '2021-02-01 15:38:40', '2021-01-05 17:52:42', NULL, 0),
('AV-30', 'DRL TOYOTA FORTUNER 2016', 17, 'products/no_image.png', 1, 150000, 120000, 140000, 130000, 0, 100000, 0, 100, '2021-02-01 15:38:40', '2021-01-05 17:52:41', NULL, 0),
('AV-31', 'DRL MAZDA CX3', 17, 'products/no_image.png', 1, 150000, 120000, 140000, 130000, 0, 100000, 0, 100, '2021-02-01 15:38:40', '2021-01-05 17:52:41', NULL, 0),
('AV-32', 'DRL MAZDA CX5', 17, 'products/no_image.png', 1, 150000, 120000, 140000, 130000, 0, 100000, 0, 100, '2021-02-01 15:38:40', '2021-01-05 17:52:41', NULL, 0),
('AV-35', 'LAMPARA BUMPER MAZDA CX-5', 18, 'products/no_image.png', 1, 150000, 120000, 140000, 130000, 0, 100000, 0, 100, '2021-02-01 15:38:40', '2021-01-05 17:52:42', NULL, 0),
('AV-36', 'LAMPARA BUMPER MAZDA CX-3', 18, 'products/no_image.png', 1, 150000, 120000, 140000, 130000, 0, 100000, 0, 100, '2021-02-01 15:38:40', '2021-01-05 17:52:42', NULL, 0),
('AV-37', 'LAMPARA BUMPER MAZDA 3', 18, 'products/no_image.png', 1, 150000, 120000, 140000, 130000, 0, 100000, 0, 100, '2021-02-01 15:38:41', '2021-01-05 17:52:42', NULL, 0),
('AV-40', 'LAMPARA BUMPER HYUNDAI TUCSON', 18, 'products/no_image.png', 1, 150000, 120000, 140000, 130000, 0, 100000, 0, 100, '2021-02-01 15:38:41', '2021-01-05 17:52:42', NULL, 0),
('AV-43', 'CAMARA DE REVERSA SOBREEXPONER HD', 45, 'products/no_image.png', 1, 40000, 30000, 35000, 32000, 0, 15000, 0, 100, '2021-02-01 15:38:41', '2021-01-05 17:52:57', NULL, 0),
('AV-44', 'CAMARA DE REVERSA INCRUSTAR HD', 45, 'products/no_image.png', 1, 40000, 30000, 35000, 32000, 0, 15000, 0, 100, '2021-02-01 15:38:41', '2021-01-05 17:52:57', NULL, 0),
('AV-46', 'KIT SENSOR DE REVERSA UNIVERSAL', 46, 'products/no_image.png', 1, 50000, 40000, 45000, 42000, 0, 20000, 0, 100, '2021-02-01 15:38:41', '2021-01-05 17:52:57', NULL, 0),
('AV-49', 'BISEL CROMADO MALETERA TOYOTA PRADO TXL', 19, 'products/no_image.png', 1, 75000, 60000, 70000, 65000, 0, 30000, 0, 100, '2021-02-01 15:38:41', '2021-01-05 17:52:42', NULL, 0),
('AV-92', 'DRL TOYOTA RAV4', 17, 'products/no_image.png', 1, 150000, 120000, 140000, 130000, 0, 100000, 0, 100, '2021-02-01 15:38:41', '2021-01-05 17:52:41', NULL, 0),
('AZULICE', 'T10 BLANCO ICE 8LED 12V', 3, 'products/no_image.png', 1, 3500, 2700, 3000, 2800, 0, 0, 1.9, 100, '2021-02-01 15:38:41', '2021-01-05 17:52:08', NULL, 0),
('B-CHAPA', 'BUJE PARA GUIA TIPO CHAPETA', 12, 'products/no_image.png', 1, 10000, 7000, 8000, 7500, 0, 6000, 0, 100, '2021-02-01 15:38:41', '2021-01-05 17:52:37', NULL, 0),
('B-LAPIZ', 'BUJE PARA LAPIZ DE GUIA', 12, 'products/no_image.png', 1, 7500, 6500, 7000, 6500, 0, 5860, 0, 100, '2021-02-01 15:38:41', '2021-01-05 17:52:37', NULL, 0),
('B-TORRE', 'BUJE PARA GUIA TIPO TORRE', 12, 'products/no_image.png', 1, 13000, 11000, 12000, 11500, 0, 9000, 0, 100, '2021-02-01 15:38:42', '2021-01-05 17:52:37', NULL, 0),
('BCP1980', 'BRAZO CAMIONETA PAITHFINDER 1980', 36, 'products/no_image.png', 1, 25000, 23000, 25000, 25000, 0, 17500, 0, 100, '2021-02-01 15:38:42', '2021-01-05 17:52:53', NULL, 0),
('BELKIN-I', 'CABLE DE IPHONE BELKIN', 24, 'products/no_image.png', 1, 5500, 4000, 5000, 4500, 0, 3000, 0, 100, '2021-02-01 15:38:42', '2021-01-05 17:52:44', NULL, 0),
('BELKIN-V8', 'CABLE DE V8 BELKIN', 24, 'products/no_image.png', 1, 5500, 4000, 5000, 4500, 0, 3000, 0, 100, '2021-02-01 15:38:42', '2021-01-05 17:52:44', NULL, 0),
('BLUETOOTH', 'BLUETOOTH PARA CARRO /', 23, 'products/no_image.png', 1, 7000, 5500, 6500, 6000, 0, 0, 5.7, 100, '2021-02-01 15:38:42', '2021-01-05 17:52:43', NULL, 0),
('BRAZO-V', 'BRAZO DE ESPEJO VOLQUETA ECONOMICO', 30, 'products/no_image.png', 1, 85000, 72000, 80000, 75000, 0, 60000, 0, 100, '2021-02-01 15:38:42', '2021-01-05 17:52:48', NULL, 0),
('C116', 'CARGADOR DE PARED 110V 2 ENTRADAS USB', 27, 'products/no_image.png', 1, 7500, 5000, 7000, 6000, 0, 4000, 0, 100, '2021-02-01 15:38:42', '2021-01-05 17:52:46', NULL, 0),
('C17-IPHONE', 'CABLE DE IPHONE CON FILTRO', 24, 'products/no_image.png', 1, 4000, 3000, 3500, 3000, 0, 2000, 0, 100, '2021-02-01 15:38:42', '2021-01-05 17:52:44', NULL, 0),
('C17-V8', 'CABLE DE V8 CON FILTRO CAJA GDE', 24, 'products/no_image.png', 1, 4000, 3000, 3500, 3000, 0, 2000, 0, 100, '2021-02-01 15:38:42', '2021-01-05 17:52:44', NULL, 0),
('CAMBIAR-B', 'T10 CAMBIA COLOR ROJO/AZUL 12V', 3, 'products/no_image.png', 1, 4000, 3200, 3500, 3300, 0, 0, 3.2, 100, '2021-02-01 15:38:42', '2021-01-05 17:52:08', NULL, 0),
('CAMBIAW-B', 'T10 CAMBIA COLOR BLANCO/AZUL 12V', 3, 'products/no_image.png', 1, 4000, 3200, 3500, 3300, 0, 0, 3.2, 100, '2021-02-01 15:38:42', '2021-01-05 17:52:08', NULL, 0),
('CAMBIAW-BI', 'T10 CAMBIA COLOR BLANCO/AZUL ICE 12V', 3, 'products/no_image.png', 1, 4000, 3200, 3500, 3300, 0, 0, 3.2, 100, '2021-02-01 15:38:42', '2021-01-05 17:52:08', NULL, 0),
('CAMBIAW-G', 'T10 CAMBIA COLOR BLANCO/VERDE 12V', 3, 'products/no_image.png', 1, 4000, 3200, 3500, 3300, 0, 0, 3.2, 100, '2021-02-01 15:38:43', '2021-01-05 17:52:08', NULL, 0),
('CAMBIAW-P', 'T10 CAMBIA COLOR BLANCO/FUCSIA 12V', 3, 'products/no_image.png', 1, 4000, 3200, 3500, 3300, 0, 0, 3.2, 100, '2021-02-01 15:38:43', '2021-01-05 17:52:08', NULL, 0),
('CAMBIAW-R', 'T10 CAMBIA COLOR BLANCO/ROJO 12V', 3, 'products/no_image.png', 1, 4000, 3200, 3500, 3300, 0, 0, 3.2, 100, '2021-02-01 15:38:43', '2021-01-05 17:52:09', NULL, 0),
('CAMBIAW-W', 'T10 CAMBIA COLOR BLANCO/BLANCO 12V', 3, 'products/no_image.png', 1, 4000, 3200, 3500, 3300, 0, 0, 3.2, 100, '2021-02-01 15:38:43', '2021-01-05 17:52:09', NULL, 0),
('CF-12V', 'T10 CERAMICO FLASH 12V', 3, 'products/no_image.png', 1, 3000, 2500, 2800, 2700, 0, 0, 2, 100, '2021-02-01 15:38:43', '2021-01-05 17:52:09', NULL, 0),
('CF-24V', 'T10 CERAMICO 24V FLASH', 3, 'products/no_image.png', 1, 3000, 2500, 2900, 2700, 0, 0, 2.4, 100, '2021-02-01 15:38:43', '2021-01-05 17:52:09', NULL, 0),
('CHALECO-N', 'CHALECO REFLECTIVO DE SEGURIDAD NARANJA', 43, 'products/no_image.png', 1, 6000, 4500, 5000, 4700, 0, 3000, 0, 100, '2021-02-01 15:38:43', '2021-01-05 17:52:56', NULL, 0),
('CHALECO-V', 'CHALECO REFLECTIVO DE SEGURIDAD VERDE', 43, 'products/no_image.png', 1, 6000, 4500, 3000, 0, 0, 3000, 0, 100, '2021-02-01 15:38:43', '2021-01-05 17:52:56', NULL, 0),
('Código', 'Descripción', 1, 'products/no_image.png', 1, 0, 0, 0, 0, 0, 0, 0, 100, '2021-01-05 17:52:03', '2021-01-05 17:52:03', NULL, 0),
('CONO-30CM', 'CONO REFLECTIVO RETRACTIL DE SEGURIDAD 30CM', 38, 'products/no_image.png', 1, 13000, 11000, 12500, 12000, 0, 8250, 0, 100, '2021-02-01 15:38:43', '2021-01-05 17:52:54', NULL, 0),
('CONO-45CM', 'CONO REFLECTIVO RETRACTIL DE SEGURIDAD 45CM', 38, 'products/no_image.png', 1, 18000, 15000, 17000, 16500, 0, 11500, 0, 100, '2021-02-01 15:38:43', '2021-01-05 17:52:54', NULL, 0);
INSERT INTO `products` (`idProduct`, `description`, `family`, `picture_url`, `provider`, `price`, `price_base`, `price_scale`, `price_dist`, `cost`, `cost_cop`, `cost_rmb`, `min`, `updated_at`, `created_at`, `deleted_at`, `deleted`) VALUES
('CONO-60CM', 'CONO REFLECTIVO RETRACTIL DE SEGURIDAD 60CM', 38, 'products/no_image.png', 1, 30000, 26000, 28000, 27000, 0, 19000, 0, 100, '2021-02-01 15:38:43', '2021-01-05 17:52:54', NULL, 0),
('CONO70CM', 'CONO DE PVC DE 70CM', 38, 'products/no_image.png', 1, 40000, 40000, 40000, 40000, 0, 30000, 0, 100, '2021-02-01 15:38:43', '2021-01-05 17:52:54', NULL, 0),
('CONVEXO12V', 'T10 CERAMICO CONVEXO 12V BLANCO FIJO', 3, 'products/no_image.png', 1, 2000, 1300, 1700, 1450, 0, 0, 1, 100, '2021-02-01 15:38:43', '2021-01-05 17:52:09', NULL, 0),
('CONVEXOF12V', 'T10 CERAMICO CONVEXO 12V BLANCO FLASH', 3, 'products/no_image.png', 1, 3000, 2300, 2700, 2500, 0, 0, 2.2, 100, '2021-02-01 15:38:44', '2021-01-05 17:52:09', NULL, 0),
('CONVEXOF24V', 'T10 CERAMICO CONVEXO 24V BLANCO FLASH', 3, 'products/no_image.png', 1, 3000, 2500, 2900, 2700, 0, 0, 2.4, 100, '2021-02-01 15:38:44', '2021-01-05 17:52:09', NULL, 0),
('CS-2P', 'CINTURON DE SEGURIDAD 2 PUNTOS 33-1/38-1', 41, 'products/no_image.png', 1, 15000, 10000, 12000, 11500, 0, 0, 10, 100, '2021-02-01 15:38:44', '2021-01-05 17:52:55', NULL, 0),
('CS-3P', 'CINTURON DE SEGURIDAD 3 PUNTOS 31-1/32-1', 41, 'products/no_image.png', 1, 16000, 11500, 14000, 13000, 0, 0, 11.5, 100, '2021-02-01 15:38:45', '2021-01-05 17:52:55', NULL, 0),
('D224', 'CABLE USB TIPO C CAJA GDE', 24, 'products/no_image.png', 1, 6500, 5000, 6000, 5500, 0, 3500, 0, 100, '2021-02-01 15:38:45', '2021-01-05 17:52:44', NULL, 0),
('D237', 'CABLE PULPO TIPO TELA 3 EN 1 (V8, TIPO C, IPHONE)', 24, 'products/no_image.png', 1, 10000, 7900, 9500, 8500, 0, 6000, 0, 100, '2021-02-01 15:38:45', '2021-01-05 17:52:44', NULL, 0),
('DRLCOB', 'DRL COB REGLETAS /', 11, 'products/no_image.png', 1, 11500, 7000, 9500, 8000, 0, 0, 2.5, 100, '2021-02-01 15:38:45', '2021-01-05 17:52:33', NULL, 0),
('DRLZCOB', 'DRL COB Z REGLETAS /', 11, 'products/no_image.png', 1, 11500, 9000, 9500, 9500, 0, 8000, 0, 100, '2021-02-01 15:38:45', '2021-01-05 17:52:33', NULL, 0),
('E-12LED', 'EXPLORADORA 12 LED', 11, 'products/no_image.png', 1, 35000, 35000, 35000, 35000, 0, 25000, 0, 100, '2021-02-01 15:38:45', '2021-01-05 17:52:33', NULL, 0),
('E-24LED', 'EXPLORADORA 24 LED', 11, 'products/no_image.png', 1, 60000, 55000, 60000, 55000, 0, 45000, 0, 100, '2021-02-01 15:38:45', '2021-01-05 17:52:33', NULL, 0),
('EBS', 'CABLE  1X1 EBS-AUX', 28, 'products/no_image.png', 1, 6000, 4500, 5500, 4500, 0, 3000, 0, 100, '2021-02-01 15:38:45', '2021-01-05 17:52:46', NULL, 0),
('EXPLO-9LED', 'EXPLORADORA CUADRADA 9 LED 12V', 11, 'products/no_image.png', 1, 27000, 22000, 24000, 23000, 0, 18000, 0, 100, '2021-02-01 15:38:45', '2021-01-05 17:52:33', NULL, 0),
('F-14', 'MANOS LIBRES BLUETOOTH ECONOMICO F14', 26, 'products/no_image.png', 1, 20000, 14000, 15000, 14500, 0, 10000, 0, 100, '2021-02-01 15:38:45', '2021-01-05 17:52:45', NULL, 0),
('FB-12V', 'T10 FROST 12V AZUL', 3, 'products/no_image.png', 1, 2000, 1500, 1700, 1550, 0, 0, 1, 100, '2021-02-01 15:38:45', '2021-01-05 17:52:09', NULL, 0),
('FB-24V', 'T10 FROST 24V AZUL', 3, 'products/no_image.png', 1, 2000, 1500, 1700, 1550, 0, 0, 1, 100, '2021-02-01 15:38:45', '2021-01-05 17:52:09', NULL, 0),
('FB-FF-12V', 'T10 FROST 12V AZUL FIJO/FLASH', 3, 'products/no_image.png', 1, 3500, 2800, 3200, 3000, 0, 0, 2, 100, '2021-02-01 15:38:45', '2021-01-05 17:52:09', NULL, 0),
('FBI-12V', 'T10 FROST 12V AZUL ICE', 3, 'products/no_image.png', 1, 2000, 1500, 1700, 1550, 0, 0, 1, 100, '2021-02-01 15:38:45', '2021-01-05 17:52:09', NULL, 0),
('FBI-24V', 'T10 FROST 24V AZUL ICE', 3, 'products/no_image.png', 1, 2000, 1500, 1700, 1550, 0, 0, 1, 100, '2021-02-01 15:38:46', '2021-01-05 17:52:09', NULL, 0),
('FBI-FF-12V', 'T10 FROST 12V AZUL ICE FIJO/FLASH', 3, 'products/no_image.png', 1, 3500, 2800, 3200, 3000, 0, 0, 2, 100, '2021-02-01 15:38:46', '2021-01-05 17:52:09', NULL, 0),
('FC-12V', 'T10 FROST 12V CAMBIA COLOR', 3, 'products/no_image.png', 1, 2000, 1500, 1700, 1550, 0, 0, 1.3, 100, '2021-02-01 15:38:46', '2021-01-05 17:52:09', NULL, 0),
('FG-12V', 'T10 FROST 12V VERDE', 3, 'products/no_image.png', 1, 2000, 1500, 1700, 1550, 0, 0, 1, 100, '2021-02-01 15:38:46', '2021-01-05 17:52:09', NULL, 0),
('FG-24V', 'T10 FROST 24V VERDE', 3, 'products/no_image.png', 1, 2000, 1500, 1700, 1550, 0, 0, 1, 100, '2021-02-01 15:38:46', '2021-01-05 17:52:09', NULL, 0),
('FG-FF-12V', 'T10 FROST 12V VERDE FIJO/FLASH', 3, 'products/no_image.png', 1, 3500, 2800, 3200, 3000, 0, 0, 2, 100, '2021-02-01 15:38:46', '2021-01-05 17:52:09', NULL, 0),
('FP-12V', 'T10 FROST 12V FUCSIA', 3, 'products/no_image.png', 1, 2000, 1500, 1700, 1550, 0, 0, 1, 100, '2021-02-01 15:38:46', '2021-01-05 17:52:10', NULL, 0),
('FP-24V', 'T10 FROST 24V FUCSIA', 3, 'products/no_image.png', 1, 2000, 1500, 1700, 1550, 0, 0, 1, 100, '2021-02-01 15:38:46', '2021-01-05 17:52:10', NULL, 0),
('FP-FF-12V', 'T10 FROST 12V FUCSIA FIJO/FLASH', 3, 'products/no_image.png', 1, 3500, 2800, 3200, 3000, 0, 0, 2, 100, '2021-02-01 15:38:46', '2021-01-05 17:52:10', NULL, 0),
('FPB-12V', 'T10 FROST PLANO 12V AZUL', 3, 'products/no_image.png', 1, 2000, 1300, 1700, 1450, 0, 0, 1.1, 100, '2021-02-01 15:38:46', '2021-01-05 17:52:10', NULL, 0),
('FPB-24V', 'T10 FROST PLANO 24V AZUL', 3, 'products/no_image.png', 1, 2500, 1550, 1900, 1700, 0, 0, 1.2, 100, '2021-02-01 15:38:46', '2021-01-05 17:52:10', NULL, 0),
('FPG-12V', 'T10 FROST PLANO 12V VERDE', 3, 'products/no_image.png', 1, 2000, 1300, 1700, 1450, 0, 0, 1.1, 100, '2021-02-01 15:38:46', '2021-01-05 17:52:10', NULL, 0),
('FPG-24V', 'T10 FROST PLANO 24V VERDE', 3, 'products/no_image.png', 1, 2500, 1550, 1900, 1700, 0, 0, 1.2, 100, '2021-02-01 15:38:47', '2021-01-05 17:52:10', NULL, 0),
('FPP-12V', 'T10 FROST PLANO 12V FUCSIA', 3, 'products/no_image.png', 1, 2000, 1300, 1700, 1450, 0, 0, 1.1, 100, '2021-02-01 15:38:47', '2021-01-05 17:52:10', NULL, 0),
('FPP-24V', 'T10 FROST PLANO 24V FUCSIA', 3, 'products/no_image.png', 1, 2500, 1550, 1900, 1700, 0, 0, 1.2, 100, '2021-02-01 15:38:47', '2021-01-05 17:52:10', NULL, 0),
('FPR-12V', 'T10 FROST PLANO 12V ROJO', 3, 'products/no_image.png', 1, 2000, 1300, 1700, 1450, 0, 0, 1.1, 100, '2021-02-01 15:38:47', '2021-01-05 17:52:10', NULL, 0),
('FPR-24V', 'T10 FROST PLANO 24V ROJO', 3, 'products/no_image.png', 1, 2500, 1550, 1900, 1700, 0, 0, 1.4, 100, '2021-02-01 15:38:47', '2021-01-05 17:52:10', NULL, 0),
('FPTG-24V', 'T10 FROST PUNTA TRANSPARENTE 24V VERDE', 3, 'products/no_image.png', 1, 2500, 1550, 1900, 1700, 0, 0, 1.4, 100, '2021-02-01 15:38:47', '2021-01-05 17:52:10', NULL, 0),
('FPW-12V', 'T10 FROST PLANO GUIA 12V BLANCO', 3, 'products/no_image.png', 1, 2000, 1500, 1800, 1600, 0, 0, 1.05, 100, '2021-02-01 15:38:47', '2021-01-05 17:52:10', NULL, 0),
('FPW-24V', 'T10 FROST PLANO 24V BLANCO', 3, 'products/no_image.png', 1, 2500, 1550, 1900, 1700, 0, 0, 1.4, 100, '2021-02-01 15:38:47', '2021-01-05 17:52:10', NULL, 0),
('FPY-12V', 'T10 FROST PLANO 12V AMARILLO', 3, 'products/no_image.png', 1, 2000, 1300, 1700, 1450, 0, 0, 1.1, 100, '2021-02-01 15:38:47', '2021-01-05 17:52:10', NULL, 0),
('FPY-24V', 'T10 FROST PLANO 24V AMARILLO', 3, 'products/no_image.png', 1, 2500, 1550, 1900, 1700, 0, 0, 1.2, 100, '2021-02-01 15:38:48', '2021-01-05 17:52:10', NULL, 0),
('FR-12V', 'T10 FROST 12V ROJO', 3, 'products/no_image.png', 1, 2000, 1500, 1700, 1550, 0, 0, 1, 100, '2021-02-01 15:38:48', '2021-01-05 17:52:10', NULL, 0),
('FR-24V', 'T10 FROST 24V ROJO', 3, 'products/no_image.png', 1, 2000, 1500, 1700, 1550, 0, 0, 1, 100, '2021-02-01 15:38:48', '2021-01-05 17:52:10', NULL, 0),
('FR-FF-12V', 'T10 FROST 12V ROJO FIJO/FLASH', 3, 'products/no_image.png', 1, 3500, 2800, 3200, 3000, 0, 0, 2, 100, '2021-02-01 15:38:48', '2021-01-05 17:52:10', NULL, 0),
('FW-12V', 'T10 FROST 12V BLANCO', 3, 'products/no_image.png', 1, 2000, 1500, 1700, 1550, 0, 0, 1, 100, '2021-02-01 15:38:48', '2021-01-05 17:52:10', NULL, 0),
('FW-24V', 'T10 FROST 24V BLANCO', 3, 'products/no_image.png', 1, 2500, 1500, 1900, 1550, 0, 0, 1, 100, '2021-02-01 15:38:48', '2021-01-05 17:52:11', NULL, 0),
('FW-FF-12V', 'T10 FROST 12V BLANCO FIJO/FLASH', 3, 'products/no_image.png', 1, 3500, 2800, 3200, 3000, 0, 0, 2, 100, '2021-02-01 15:38:48', '2021-01-05 17:52:11', NULL, 0),
('FY-12V', 'T10 FROST 12V AMARILLO', 3, 'products/no_image.png', 1, 2000, 1500, 1700, 1550, 0, 0, 1, 100, '2021-02-01 15:38:48', '2021-01-05 17:52:11', NULL, 0),
('FY-24V', 'T10 FROST 24V AMARILLO', 3, 'products/no_image.png', 1, 2000, 1500, 1700, 1550, 0, 0, 1, 100, '2021-02-01 15:38:48', '2021-01-05 17:52:11', NULL, 0),
('GK18W-W', 'EXPLORADORA BARRA 6LED DELGADA BLANCA GK18WBLA /', 11, 'products/no_image.png', 1, 24000, 17500, 21000, 18500, 0, 0, 19, 100, '2021-02-01 15:38:48', '2021-01-05 17:52:33', NULL, 0),
('GK18W-Y', 'EXPLORADORA BARRA 6LED DELGADA AMARILLA GK18WAMA /', 11, 'products/no_image.png', 1, 24000, 17500, 21000, 18500, 0, 0, 20, 100, '2021-02-01 15:38:48', '2021-01-05 17:52:33', NULL, 0),
('GK36W', 'EXPLORADORA BARRA 12LED DELGADA GK36W /', 11, 'products/no_image.png', 1, 42000, 35000, 39000, 37500, 0, 0, 38, 100, '2021-02-01 15:38:48', '2021-01-05 17:52:33', NULL, 0),
('GUARDACHEVRO', 'JUEGO GUARDAPOLVO CAMION CHEVROLET', 12, 'products/no_image.png', 1, 75000, 65000, 70000, 68000, 0, 58000, 0, 100, '2021-02-01 15:38:49', '2021-01-05 17:52:37', NULL, 0),
('GUARDAFORD', 'JUEGO GUARDAPOLVO CAMION FORD', 12, 'products/no_image.png', 1, 75000, 65000, 70000, 68000, 0, 58000, 0, 100, '2021-02-01 15:38:49', '2021-01-05 17:52:37', NULL, 0),
('GUARDAFREIGH', 'JUEGO GUARDAPOLVO CAMION FREIGHTLINER', 12, 'products/no_image.png', 1, 75000, 65000, 70000, 68000, 0, 58000, 0, 100, '2021-02-01 15:38:49', '2021-01-05 17:52:37', NULL, 0),
('GUARDAINTER', 'JUEGO GUARDAPOLVO CAMION INTERNATIONAL', 12, 'products/no_image.png', 1, 75000, 65000, 70000, 68000, 0, 58000, 0, 100, '2021-02-01 15:38:49', '2021-01-05 17:52:38', NULL, 0),
('GUARDAMACK', 'JUEGO GUARDAPOLVO CAMION MACK', 12, 'products/no_image.png', 1, 75000, 65000, 70000, 68000, 0, 58000, 0, 100, '2021-02-01 15:38:49', '2021-01-05 17:52:38', NULL, 0),
('GUARDATEXAS', 'JUEGO GUARDAPOLVO CAMION TEXAS EDITION', 12, 'products/no_image.png', 1, 75000, 65000, 70000, 68000, 0, 58000, 0, 100, '2021-02-01 15:38:49', '2021-01-05 17:52:38', NULL, 0),
('GY023', 'LICUADORA IMAN 16CM 15W GY23 AMARILLA /', 7, 'products/no_image.png', 1, 48000, 42000, 45000, 43500, 0, 0, 44, 100, '2021-02-01 15:38:49', '2021-01-05 17:52:27', NULL, 0),
('H-LUJO', 'BASE DE LUJO TIPO BOLITA DE IMAN /', 23, 'products/no_image.png', 1, 5000, 4200, 4700, 4500, 0, 0, 4.3, 100, '2021-02-01 15:38:49', '2021-01-05 17:52:43', NULL, 0),
('H-MARCA', 'BASE DE MARCAS TIPO BOLITA DE IMAN /', 23, 'products/no_image.png', 1, 4000, 3000, 3500, 3200, 0, 0, 2.4, 100, '2021-02-01 15:38:49', '2021-01-05 17:52:43', NULL, 0),
('H1-L', 'BOMBILLOS H1 LUXURY 15.000 LM', 5, 'products/no_image.png', 1, 150000, 130000, 140000, 135000, 0, 100000, 0, 100, '2021-02-01 15:38:49', '2021-01-05 17:52:15', NULL, 0),
('H11-L', 'BOMBILLOS H11 LUXURY 15.000 LM', 5, 'products/no_image.png', 1, 150000, 130000, 140000, 135000, 0, 100000, 0, 100, '2021-02-01 15:38:49', '2021-01-05 17:52:15', NULL, 0),
('H11C6', 'BOMBILLO H11 C6 28W 12V-36V', 5, 'products/no_image.png', 1, 18000, 13000, 16000, 14000, 0, 0, 11, 100, '2021-02-01 15:38:50', '2021-01-05 17:52:15', NULL, 0),
('H11R9', 'BOMBILLOS H11 R9 8000LM', 5, 'products/no_image.png', 1, 55000, 47500, 52500, 49000, 0, 0, 90, 100, '2021-02-01 15:38:50', '2021-01-05 17:52:16', NULL, 0),
('H16-L', 'BOMBILLOS H16 LUXURY 15.000 LM', 5, 'products/no_image.png', 1, 150000, 130000, 140000, 135000, 0, 100000, 0, 100, '2021-02-01 15:38:50', '2021-01-05 17:52:16', NULL, 0),
('H1C6', 'BOMBILLO H1 C6 28W 12V-36V', 5, 'products/no_image.png', 1, 18000, 13000, 16000, 14000, 0, 0, 11, 100, '2021-02-01 15:38:50', '2021-01-05 17:52:16', NULL, 0),
('H1R9', 'BOMBILLOS H1 R9 8000LM', 5, 'products/no_image.png', 1, 55000, 38500, 52500, 49000, 0, 0, 90, 100, '2021-02-01 15:38:50', '2021-01-05 17:52:16', NULL, 0),
('H2019002', 'CORNETA ELECTROVALVULA DOBLE H2019002 /', 13, 'products/no_image.png', 1, 38000, 32000, 36000, 34000, 0, 0, 24.5, 100, '2021-02-01 15:38:50', '2021-01-05 17:52:38', NULL, 0),
('H2019003', 'CORNETA ELECTROVALVULA TRIPLE H2019003 /', 13, 'products/no_image.png', 1, 54000, 46500, 50000, 48000, 0, 0, 34.5, 100, '2021-02-01 15:38:50', '2021-01-05 17:52:38', NULL, 0),
('H2019004', 'ELECTROVALVULA MULTIVOLTAJE  H20190004 /', 13, 'products/no_image.png', 1, 11500, 8500, 10000, 9000, 0, 0, 9, 100, '2021-02-01 15:38:50', '2021-01-05 17:52:38', NULL, 0),
('H2019005', 'CORNETA ELECTRICA METALICA  H20190005 /', 13, 'products/no_image.png', 1, 50000, 40000, 44000, 42000, 0, 0, 38, 100, '2021-02-01 15:38:50', '2021-01-05 17:52:38', NULL, 0),
('H2019006', 'PITO OREJA DE PERRO PLATEADO H2019006 /', 13, 'products/no_image.png', 1, 22000, 17500, 19500, 18000, 0, 0, 16, 100, '2021-02-01 15:38:50', '2021-01-05 17:52:38', NULL, 0),
('H2019007', 'CORNETA FARA PLATEADA H20190007 /', 13, 'products/no_image.png', 1, 29000, 25000, 29000, 26500, 0, 0, 26, 100, '2021-02-01 15:38:50', '2021-01-05 17:52:38', NULL, 0),
('H2019008', 'CORNETA FARA FARA PLATEADA H20190008 /', 13, 'products/no_image.png', 1, 45000, 41000, 44000, 42500, 0, 0, 38.5, 100, '2021-02-01 15:38:50', '2021-01-05 17:52:38', NULL, 0),
('H2019009', 'PITO DE DISCO PEQUEÑO H2019009 /', 13, 'products/no_image.png', 1, 4500, 3300, 4000, 3500, 0, 0, 2.8, 100, '2021-02-01 15:38:50', '2021-01-05 17:52:39', NULL, 0),
('H2019010', 'PITO DE DISCO GRANDE H2019010 /', 13, 'products/no_image.png', 1, 15000, 12000, 14000, 13000, 0, 0, 11, 100, '2021-02-01 15:38:51', '2021-01-05 17:52:39', NULL, 0),
('H2019011', 'PITO DE REVERSA TIPO POLAK  H2019011 /', 13, 'products/no_image.png', 1, 14500, 11000, 13500, 12500, 0, 0, 10.2, 100, '2021-02-01 15:38:51', '2021-01-05 17:52:39', NULL, 0),
('H2019012', 'PITO DE PERIFONEO H20190012 /', 13, 'products/no_image.png', 1, 40000, 33500, 36500, 35000, 0, 0, 28, 100, '2021-02-01 15:38:51', '2021-01-05 17:52:39', NULL, 0),
('H2019013', 'CORNETA DE CAMION REDONDA H20190013 /', 13, 'products/no_image.png', 1, 80000, 73000, 76000, 75000, 0, 0, 58, 100, '2021-02-01 15:38:51', '2021-01-05 17:52:39', NULL, 0),
('H2019014', 'CORNETA DE CAMION CUADRADA H20190014 /', 13, 'products/no_image.png', 1, 85000, 78000, 83000, 80000, 0, 0, 65, 100, '2021-02-01 15:38:51', '2021-01-05 17:52:39', NULL, 0),
('H2019015', 'LUNA ADHESIVA AJUSTABLES REDONDAS H20190015 /', 31, 'products/no_image.png', 1, 5000, 3900, 4800, 4500, 0, 0, 4.3, 100, '2021-02-01 15:38:51', '2021-01-05 17:52:48', NULL, 0),
('H2019016', 'LUNA ADHESIVA AJUSTABLES CUADRADA H20190016 /', 31, 'products/no_image.png', 1, 5000, 3400, 4000, 3600, 0, 0, 4.3, 100, '2021-02-01 15:38:51', '2021-01-05 17:52:48', NULL, 0),
('H2019017', 'LUNA ADHESIVA GDE REDONDA MOVIBLE H20190017 /', 31, 'products/no_image.png', 1, 6000, 4800, 5600, 5200, 0, 0, 6, 100, '2021-02-01 15:38:51', '2021-01-05 17:52:48', NULL, 0),
('H2019018', 'GATO DE TIJERA 2.5TON H20190018 /', 39, 'products/no_image.png', 1, 38000, 32500, 36000, 34500, 0, 0, 37, 100, '2021-02-01 15:38:51', '2021-01-05 17:52:54', NULL, 0),
('H2019019', 'GATO DE TIJERA 2TON H20190019 /', 39, 'products/no_image.png', 1, 35000, 30000, 35000, 32000, 0, 0, 27, 100, '2021-02-01 15:38:51', '2021-01-05 17:52:55', NULL, 0),
('H2019020', 'CRUCETA DE DESVARE H20190020 /', 40, 'products/no_image.png', 1, 15000, 12500, 15000, 14000, 0, 0, 14, 100, '2021-02-01 15:38:51', '2021-01-05 17:52:55', NULL, 0),
('H2019021', 'CABLES DE INICIAR 600AMP H20190021 /', 53, 'products/no_image.png', 1, 25000, 21500, 22500, 22000, 0, 0, 14.5, 100, '2021-02-01 15:38:51', '2021-01-05 17:53:04', NULL, 0),
('H3-L', 'BOMBILLOS H3 LUXURY 15.000 LM', 5, 'products/no_image.png', 1, 150000, 130000, 140000, 135000, 0, 100000, 0, 100, '2021-02-01 15:38:52', '2021-01-05 17:52:16', NULL, 0),
('H30A', 'CONVERTIDOR DE VOLTAJE DC24V - DC12V 30A', 54, 'products/no_image.png', 1, 40000, 38000, 39000, 38500, 0, 0, 35, 100, '2021-02-01 15:38:52', '2021-01-05 17:53:04', NULL, 0),
('H3C6', 'BOMBILLO H3 C6 28W 12V-36V', 5, 'products/no_image.png', 1, 18000, 13000, 16000, 14000, 0, 0, 11, 100, '2021-02-01 15:38:52', '2021-01-05 17:52:16', NULL, 0),
('H3R9', 'BOMBILLOS H3 R9 8000LM', 5, 'products/no_image.png', 1, 55000, 38500, 52500, 49000, 0, 0, 90, 100, '2021-02-01 15:38:52', '2021-01-05 17:52:16', NULL, 0),
('h4-L', 'BOMBILLOS H4 LUXURY 15.000 LM', 5, 'products/no_image.png', 1, 180000, 160000, 170000, 155000, 0, 0, 50, 100, '2021-02-01 15:38:52', '2021-01-05 17:52:17', NULL, 0),
('H40A', 'CONVERTIDOR DE VOLTAJE DC24V - DC12V 40A', 54, 'products/no_image.png', 1, 55000, 53000, 54000, 53500, 0, 0, 50, 100, '2021-02-01 15:38:52', '2021-01-05 17:53:04', NULL, 0),
('H4C6', 'BOMBILLO H4 C6 28W 12V-36V', 5, 'products/no_image.png', 1, 17500, 14000, 16000, 15000, 0, 0, 10.25, 100, '2021-02-01 15:38:52', '2021-01-05 17:52:17', NULL, 0),
('H4CAMALEON', 'BOMBILLOS H4 CAMALEON R9 8000LM', 5, 'products/no_image.png', 1, 55000, 45000, 50000, 47000, 0, 0, 57.5, 100, '2021-02-01 15:38:52', '2021-01-05 17:52:17', NULL, 0),
('H4R11', 'BOMBILLOS H4 R11 150W 12V-48V', 5, 'products/no_image.png', 1, 30000, 24500, 27500, 26000, 0, 0, 19.5, 100, '2021-02-01 15:38:52', '2021-01-05 17:52:17', NULL, 0),
('H4R9', 'BOMBILLOS H4 R9 8000LM', 5, 'products/no_image.png', 1, 55000, 45000, 50000, 47000, 0, 0, 50, 100, '2021-02-01 15:38:52', '2021-01-05 17:52:17', NULL, 0),
('H4SOLIDO', 'BOMBILLO H4 4000LM SOLIDO', 5, 'products/no_image.png', 1, 40000, 27000, 35000, 30000, 0, 0, 24, 100, '2021-02-01 15:38:53', '2021-01-05 17:52:17', NULL, 0),
('H60A', 'CONVERTIDOR DE VOLTAJE DC24V - DC12V 60A', 54, 'products/no_image.png', 1, 87000, 84500, 86000, 85000, 0, 0, 80, 100, '2021-02-01 15:38:53', '2021-01-05 17:53:04', NULL, 0),
('H7-L', 'BOMBILLOS H7 LUXURY 15.000 LM', 5, 'products/no_image.png', 1, 150000, 130000, 140000, 135000, 0, 100000, 0, 100, '2021-02-01 15:38:53', '2021-01-05 17:52:17', NULL, 0),
('H7C6', 'BOMBILLO H7 C6 28W 12V-36V', 5, 'products/no_image.png', 1, 18000, 13000, 16000, 14000, 0, 0, 11, 100, '2021-02-01 15:38:53', '2021-01-05 17:52:18', NULL, 0),
('H7R9', 'BOMBILLOS H7 R9 8000LM', 5, 'products/no_image.png', 1, 55000, 47500, 52500, 49000, 0, 0, 45, 100, '2021-02-01 15:38:53', '2021-01-05 17:52:18', NULL, 0),
('H7SOLIDO', 'BOMBILLO H7 SOLIDO 4000LM', 5, 'products/no_image.png', 1, 40000, 30000, 35000, 32500, 0, 0, 22.5, 100, '2021-02-01 15:38:53', '2021-01-05 17:52:18', NULL, 0),
('HDX-M02-H4', 'BOMBILLO H4 TRICETA AC/DC 12V-36V', 5, 'products/no_image.png', 1, 15000, 11000, 13000, 12000, 0, 0, 9.3, 100, '2021-02-01 15:38:53', '2021-01-05 17:52:18', NULL, 0),
('HDX-T18', 'EXPLORADORA REDONDA 4LED BLANCA 9-36V', 11, 'products/no_image.png', 1, 28000, 20000, 24000, 22000, 0, 0, 16, 100, '2021-02-01 15:38:53', '2021-01-05 17:52:33', NULL, 0),
('HS067', 'LICUADORA IMAN 20 CM 30W HS51067 AMARILLA /', 7, 'products/no_image.png', 1, 58000, 50000, 55000, 52000, 0, 0, 48, 100, '2021-02-01 15:38:53', '2021-01-05 17:52:27', NULL, 0),
('IMANCHUPA', 'BASE IMAN CHUPA /', 23, 'products/no_image.png', 1, 6500, 5500, 6000, 5700, 0, 0, 4.4, 100, '2021-02-01 15:38:53', '2021-01-05 17:52:43', NULL, 0),
('IMPERMEAB', 'BASE MOTO IMPERMEABLE /', 23, 'products/no_image.png', 1, 15000, 12000, 14500, 13500, 0, 0, 10.5, 100, '2021-02-01 15:38:53', '2021-01-05 17:52:44', NULL, 0),
('IPHONE4', 'CABLE DE IPHONE 4 ECONOMICO', 24, 'products/no_image.png', 1, 2500, 1200, 2000, 1500, 0, 900, 0, 100, '2021-02-01 15:38:53', '2021-01-05 17:52:44', NULL, 0),
('IPHONE7', 'CABLE DE IPHONE 7 ECONOMICO', 24, 'products/no_image.png', 1, 3000, 1500, 2500, 2000, 0, 1000, 0, 100, '2021-02-01 15:38:53', '2021-01-05 17:52:44', NULL, 0),
('IX35-1', 'PISA TAPETE HYUNDAI TUCSON ix-35', 16, 'products/no_image.png', 1, 100000, 90000, 95000, 92000, 0, 40000, 0, 100, '2021-02-01 15:38:53', '2021-01-05 17:52:40', NULL, 0),
('JBA-101A', 'ANTENA JBA-101A', 51, 'products/no_image.png', 1, 73500, 72000, 73000, 72500, 0, 0, 66, 100, '2021-02-01 15:38:53', '2021-01-05 17:52:59', NULL, 0),
('JBA-311R', 'ANTENA JBA-311R', 51, 'products/no_image.png', 1, 14800, 13300, 14300, 13800, 0, 0, 12, 100, '2021-02-01 15:38:54', '2021-01-05 17:52:59', NULL, 0),
('JBA-320', 'ANTENA TIPO PIONEER JBA-320', 51, 'products/no_image.png', 1, 28200, 26700, 27700, 27200, 0, 0, 23, 100, '2021-02-01 15:38:54', '2021-01-05 17:52:59', NULL, 0),
('JBA-324', 'ANTENA DE PARAL PLATEADA', 51, 'products/no_image.png', 1, 7000, 5500, 6500, 6000, 0, 0, 5, 100, '2021-02-01 15:38:54', '2021-01-05 17:53:00', NULL, 0),
('JBA-324-1', 'ANTENA DE PARAL NEGRA', 51, 'products/no_image.png', 1, 7700, 6200, 7200, 6700, 0, 0, 5.7, 100, '2021-02-01 15:38:54', '2021-01-05 17:53:00', NULL, 0),
('JBA-325', 'ANTENA JBA-325', 51, 'products/no_image.png', 1, 7900, 6400, 7400, 6900, 0, 0, 5.6, 100, '2021-02-01 15:38:54', '2021-01-05 17:53:00', NULL, 0),
('JBA-404', 'ANTENA JBA-404', 51, 'products/no_image.png', 1, 12800, 11300, 12300, 11800, 0, 0, 10.3, 100, '2021-02-01 15:38:54', '2021-01-05 17:53:00', NULL, 0),
('JBA-604', 'EXTENSION PARA ANTENA DE 30CM', 51, 'products/no_image.png', 1, 3500, 2000, 3000, 2500, 0, 0, 1.8, 100, '2021-02-01 15:38:54', '2021-01-05 17:53:00', NULL, 0),
('JBA-604-1', 'EXTENSION PARA ANTENA DE 1M', 51, 'products/no_image.png', 1, 3800, 2300, 3300, 2800, 0, 0, 2, 100, '2021-02-01 15:38:54', '2021-01-05 17:53:00', NULL, 0),
('JBA-604-2', 'EXTENSION PARA ANTENA DE 2M', 51, 'products/no_image.png', 1, 4500, 3000, 4000, 3500, 0, 0, 2.6, 100, '2021-02-01 15:38:54', '2021-01-05 17:53:00', NULL, 0),
('JBA-605', 'ANTENA JBA-605', 51, 'products/no_image.png', 1, 9300, 7800, 8800, 8300, 0, 0, 8.1, 100, '2021-02-01 15:38:54', '2021-01-05 17:53:01', NULL, 0),
('JBA-606', 'ANTENA JBA-606 16\'\'', 51, 'products/no_image.png', 1, 8000, 6500, 7500, 7000, 0, 0, 6.2, 100, '2021-02-01 15:38:54', '2021-01-05 17:53:01', NULL, 0),
('JBA-606-1', 'ANTENA JBA-606-1 16\'\'', 51, 'products/no_image.png', 1, 8000, 6500, 7500, 7000, 0, 0, 6.2, 100, '2021-02-01 15:38:55', '2021-01-05 17:53:01', NULL, 0),
('JBA-606-2', 'ANTENA LATIGO 7\'\'', 51, 'products/no_image.png', 1, 6500, 5000, 6000, 5500, 0, 0, 5, 100, '2021-02-01 15:38:55', '2021-01-05 17:53:01', NULL, 0),
('JBA-607', 'ANTENA JBA-607', 51, 'products/no_image.png', 1, 7800, 6300, 7300, 6800, 0, 0, 6.2, 100, '2021-02-01 15:38:55', '2021-01-05 17:53:01', NULL, 0),
('JBA-625', 'ANTENA ELECTRONICA 12V', 51, 'products/no_image.png', 1, 10800, 9300, 10300, 9800, 0, 0, 8.2, 100, '2021-02-01 15:38:55', '2021-01-05 17:53:01', NULL, 0),
('JBA-832', 'ANTENA JBA-832', 51, 'products/no_image.png', 1, 8000, 6000, 7000, 6500, 0, 0, 5.7, 100, '2021-02-01 15:38:55', '2021-01-05 17:53:01', NULL, 0),
('JBA-833B', 'ANTENA JBA-833 NEGRA', 51, 'products/no_image.png', 1, 9000, 7000, 8000, 7500, 0, 0, 6.8, 100, '2021-02-01 15:38:55', '2021-01-05 17:53:02', NULL, 0),
('JBA-833S', 'ANTENA JBA-833 PLATEADA', 51, 'products/no_image.png', 1, 9000, 7000, 8000, 7500, 0, 0, 6.8, 100, '2021-02-01 15:38:55', '2021-01-05 17:53:02', NULL, 0),
('JBA-834B', 'ANTENA JBA-834 NEGRA', 51, 'products/no_image.png', 1, 8000, 6500, 7500, 7000, 0, 0, 6.3, 100, '2021-02-01 15:38:55', '2021-01-05 17:53:02', NULL, 0),
('JBA-834S', 'ANTENA JBA-834 PLATEADA', 51, 'products/no_image.png', 1, 8000, 6500, 7500, 7000, 0, 0, 6.3, 100, '2021-02-01 15:38:55', '2021-01-05 17:53:02', NULL, 0),
('JBL-018', 'BASE 4 TORNILLOS PEQUEÑA', 51, 'products/no_image.png', 1, 15500, 14000, 15000, 14500, 0, 0, 12.6, 100, '2021-02-01 15:38:55', '2021-01-05 17:53:02', NULL, 0),
('JBL-019', 'BASE 4 TORNILLOS GRANDE', 51, 'products/no_image.png', 1, 15500, 14000, 15000, 14500, 0, 0, 12.6, 100, '2021-02-01 15:38:55', '2021-01-05 17:53:02', NULL, 0),
('JF-4043', 'BLUETOOTH PARA CARRO 1.0', 23, 'products/no_image.png', 1, 9000, 7500, 8500, 8000, 0, 0, 5.7, 100, '2021-02-01 15:38:55', '2021-01-05 17:52:44', NULL, 0),
('JR-05(B)-57SM', 'EXPLORADORA CUADRADA 57 LED 9-36V', 11, 'products/no_image.png', 1, 35000, 29000, 32000, 30000, 0, 0, 25.5, 100, '2021-02-01 15:38:56', '2021-01-05 17:52:33', NULL, 0),
('JR-07-18W', 'EXPLORADORA 6 LED LINAL CONVENCIONAL 9-36V', 11, 'products/no_image.png', 1, 18000, 14000, 16000, 15000, 0, 0, 11.8, 100, '2021-02-01 15:38:56', '2021-01-05 17:52:33', NULL, 0),
('JR-141-50W', 'UNIDAD KENWORTH H4 DE LUJO 9-36V', 11, 'products/no_image.png', 1, 70000, 60000, 65000, 63000, 0, 0, 52, 100, '2021-02-01 15:38:56', '2021-01-05 17:52:33', NULL, 0),
('JR-18W', 'EXPLORADORA BARRA 6LED DELGADA BLANCO FIJO 9-36V', 11, 'products/no_image.png', 1, 24000, 17500, 21000, 18500, 0, 0, 13.5, 100, '2021-02-01 15:38:56', '2021-01-05 17:52:34', NULL, 0),
('JR-18W-PF', 'EXPLORADORA BARRA 6LED DELGADA FIJO-FLASH 9-36V', 11, 'products/no_image.png', 1, 26000, 19500, 23000, 21000, 0, 0, 15.8, 100, '2021-02-01 15:38:56', '2021-01-05 17:52:34', NULL, 0),
('JR-232-27W', 'EXPLORADORA REDONDA BLANCA FIJO-FLASH 9-36V', 11, 'products/no_image.png', 1, 35000, 28000, 32000, 29000, 0, 0, 24, 100, '2021-02-01 15:38:56', '2021-01-05 17:52:34', NULL, 0),
('JR-24-10W', 'EXPLORADORA REDONDA 1LED ALTA POTENCIA 9-36V', 11, 'products/no_image.png', 1, 25000, 18000, 22000, 20000, 0, 0, 15.5, 100, '2021-02-01 15:38:56', '2021-01-05 17:52:34', NULL, 0),
('JR-41-45W', 'UNIDAD KENWORTH H4 BLANCA 9-36V', 11, 'products/no_image.png', 1, 40000, 35000, 38000, 36000, 0, 0, 24, 100, '2021-02-01 15:38:56', '2021-01-05 17:52:34', NULL, 0),
('JR-41B-45W', 'UNIDAD KENWORTH H4 BLANCA-BORDE BLANCO 9-36V', 11, 'products/no_image.png', 1, 55000, 45000, 50000, 47000, 0, 0, 35, 100, '2021-02-01 15:38:56', '2021-01-05 17:52:34', NULL, 0),
('JR-41B-45W-B', 'UNIDAD KENWORTH H4 BLANCA-BORDE AZUL 9-36V', 11, 'products/no_image.png', 1, 55000, 45000, 50000, 47000, 0, 0, 35, 100, '2021-02-01 15:38:56', '2021-01-05 17:52:34', NULL, 0),
('JR-41B-45W-R', 'UNIDAD KENWORTH H4 BLANCA-BORDE ROJO 9-36V', 11, 'products/no_image.png', 1, 55000, 45000, 50000, 47000, 0, 0, 35, 100, '2021-02-01 15:38:56', '2021-01-05 17:52:34', NULL, 0),
('JR-41B-45W-Y', 'UNIDAD KENWORTH H4 BLANCA-BORDE AMARILLO 9-36V', 11, 'products/no_image.png', 1, 55000, 45000, 50000, 47000, 0, 0, 35, 100, '2021-02-01 15:38:56', '2021-01-05 17:52:34', NULL, 0),
('JR-42-36W', 'EXPLORADORA REDONDA 5&quot; 12LED H4 BLANCA 9-36V', 11, 'products/no_image.png', 1, 38000, 30000, 34000, 32000, 0, 0, 15.5, 100, '2021-02-01 15:38:56', '2021-01-05 17:52:34', NULL, 0),
('JR-50W', 'EXPLORADORA EAGLE LUJO DIRECCIONALES 9-36V', 11, 'products/no_image.png', 1, 110000, 95000, 100000, 98000, 0, 0, 78, 100, '2021-02-01 15:38:56', '2021-01-05 17:52:34', NULL, 0),
('JR-75-45W', 'UNIDAD EAGLE H4 LED BLANCO 9-36V', 5, 'products/no_image.png', 1, 45000, 36000, 40000, 38000, 0, 0, 26.5, 100, '2021-02-01 15:38:57', '2021-01-05 17:52:18', NULL, 0),
('JR-75B-45W-W', 'UNIDAD EAGLE H4 LED BLANCO-BORDE BLANCO 9-36V', 5, 'products/no_image.png', 1, 60000, 50000, 55000, 52000, 0, 0, 38.5, 100, '2021-02-01 15:38:57', '2021-01-05 17:52:18', NULL, 0),
('JR-75B-45W-Y', 'UNIDAD EAGLE H4 LED BLANCO-BORDE AMARILLO 9-36V', 5, 'products/no_image.png', 1, 60000, 50000, 55000, 52000, 0, 0, 38.5, 100, '2021-02-01 15:38:57', '2021-01-05 17:52:18', NULL, 0),
('JR-9W', 'EXPLORADORA MINI BARRA 3 LED BLANCA 9-36V', 11, 'products/no_image.png', 1, 17000, 13500, 15000, 14000, 0, 0, 7.5, 100, '2021-02-01 15:38:57', '2021-01-05 17:52:34', NULL, 0),
('JR-B-50W', 'EXPLORADORA EAGLE LUJO DIRECCIONALES 9-36V', 11, 'products/no_image.png', 1, 110000, 95000, 100000, 98000, 0, 0, 78, 100, '2021-02-01 15:38:57', '2021-01-05 17:52:34', NULL, 0),
('JR-C-18W', 'EXPLORADORA CUADRADA 6 LED BLANCA 9-36V', 11, 'products/no_image.png', 1, 17000, 14000, 16000, 15000, 0, 0, 10.2, 100, '2021-02-01 15:38:57', '2021-01-05 17:52:34', NULL, 0),
('JR-G-02', 'EXPLORADORA REDONDA 7&quot; LUJO TORNILLOS 9-36V', 11, 'products/no_image.png', 1, 110000, 95000, 100000, 98000, 0, 0, 67.5, 100, '2021-02-01 15:38:57', '2021-01-05 17:52:34', NULL, 0),
('JR-G-03', 'EXPLORADORA REDONDA 7&quot; DE LUJO OJO DE ANGEL 9-36V', 11, 'products/no_image.png', 1, 80000, 60000, 70000, 65000, 0, 0, 50, 100, '2021-02-01 15:38:57', '2021-01-05 17:52:35', NULL, 0),
('JR-G-04', 'EXPLORADORA REDONDA 7&quot; LUJO 8 OJOS 9-36V', 11, 'products/no_image.png', 1, 110000, 95000, 100000, 98000, 0, 0, 83, 100, '2021-02-01 15:38:57', '2021-01-05 17:52:35', NULL, 0),
('JR-G-11', 'EXPLORADORA REDONDA 7&quot; LUJO FONDO NEGRO 9-36V', 11, 'products/no_image.png', 1, 110000, 95000, 100000, 98000, 0, 0, 88, 100, '2021-02-01 15:38:57', '2021-01-05 17:52:35', NULL, 0),
('JR-G-120W', 'EXPLORADORA 120W LARGA FIJO 9-36V', 11, 'products/no_image.png', 1, 35000, 29000, 32000, 30000, 0, 0, 25.5, 100, '2021-02-01 15:38:57', '2021-01-05 17:52:36', NULL, 0),
('JR-G-120W-PF', 'EXPLORADORA 120W LARGA 5 FUNCIONES 9-36V', 11, 'products/no_image.png', 1, 45000, 37000, 41000, 40000, 0, 0, 31.5, 100, '2021-02-01 15:38:58', '2021-01-05 17:52:36', NULL, 0),
('JR-G-60W', 'EXPLORADORA CUADRADA 60W BLANCO FIJO 9-36V', 11, 'products/no_image.png', 1, 22000, 17500, 20000, 18000, 0, 0, 13.8, 100, '2021-02-01 15:38:58', '2021-01-05 17:52:36', NULL, 0),
('JR-G-60W-PF', 'EXPLO. CUADRADA FIJO-FLASH DUAL-COLOR 5 FUN. 9-36V', 11, 'products/no_image.png', 1, 25000, 22500, 24000, 23500, 0, 0, 17, 100, '2021-02-01 15:38:58', '2021-01-05 17:52:36', NULL, 0),
('JR-I-108W', 'BARRA DELGADA LARGA FIJO-FLASH 5 FUNCIONES 9-36V', 11, 'products/no_image.png', 1, 50000, 40000, 45000, 42000, 0, 0, 31, 100, '2021-02-01 15:38:58', '2021-01-05 17:52:36', NULL, 0),
('JR-R50W', 'EXPLORADORA KENWORTH DE LUJO LUZ-MITAD 9-36V', 11, 'products/no_image.png', 1, 70000, 58000, 62000, 60000, 0, 0, 44.5, 100, '2021-02-01 15:38:59', '2021-01-05 17:52:36', NULL, 0),
('JR-S50W', 'EXPLORADORA KENWORTH OJO DE ANGEL 9-36V', 11, 'products/no_image.png', 1, 110000, 95000, 100000, 98000, 0, 0, 83, 100, '2021-02-01 15:38:59', '2021-01-05 17:52:36', NULL, 0),
('JR-T13', 'EXPLORADORA REDONDA DE LUJO OJO DE ANGEL 9-36V', 11, 'products/no_image.png', 1, 28000, 22500, 26000, 24000, 0, 0, 20, 100, '2021-02-01 15:38:59', '2021-01-05 17:52:36', NULL, 0),
('JR-T14', 'EXPLORADORA CUADRADA OJO DE ANGEL DE LUJO 9-36V', 11, 'products/no_image.png', 1, 28000, 22500, 26000, 24000, 0, 0, 20, 100, '2021-02-01 15:38:59', '2021-01-05 17:52:36', NULL, 0),
('JR-YZ-36W', 'EXPLORADORA LINEAL FIJO-FLASH 9-36V', 11, 'products/no_image.png', 1, 25000, 18000, 22000, 20000, 0, 0, 13.5, 100, '2021-02-01 15:38:59', '2021-01-05 17:52:36', NULL, 0),
('JR-YZ-6LED', 'EXPLORADORA 6LED LINEAL BLANCO FIJO 9-36V', 11, 'products/no_image.png', 1, 28000, 20000, 24000, 22000, 0, 0, 17, 100, '2021-02-01 15:38:59', '2021-01-05 17:52:36', NULL, 0),
('K29', 'SUICHE NEGRO PEQUEÑO 1 CONTACTO /', 52, 'products/no_image.png', 1, 800, 500, 700, 650, 0, 0, 0.4, 100, '2021-02-01 15:38:59', '2021-01-05 17:53:03', NULL, 0),
('K29-1', 'SUICHE NEGRO PEQUEÑO 2 CONTACTOS K29-1 /', 52, 'products/no_image.png', 1, 1100, 850, 1000, 950, 0, 0, 0.8, 100, '2021-02-01 15:38:59', '2021-01-05 17:53:04', NULL, 0),
('L6-R', 'LAMPARA 6&quot; OVALADA CAUCHO ROJA 12-24V', 10, 'products/no_image.png', 1, 20000, 13500, 17000, 15000, 0, 0, 15.62, 100, '2021-02-01 15:38:59', '2021-01-05 17:52:30', NULL, 0),
('L6-W', 'LAMPARA 6&quot; OVALADA CAUCHO BLANCA 12-24V', 10, 'products/no_image.png', 1, 20000, 13500, 17000, 15000, 0, 0, 15.62, 100, '2021-02-01 15:38:59', '2021-01-05 17:52:30', NULL, 0),
('L6-Y', 'LAMPARA 6&quot; OVALADA CAUCHO AMARILLA 12-24V', 10, 'products/no_image.png', 1, 20000, 13500, 17000, 15000, 0, 0, 15.62, 100, '2021-02-01 15:39:00', '2021-01-05 17:52:30', NULL, 0),
('LED18', 'LICUADORA IMAN 7CM 15W LED18 AMARILLA /', 7, 'products/no_image.png', 1, 26000, 21500, 24000, 22000, 0, 0, 25, 100, '2021-02-01 15:39:00', '2021-01-05 17:52:28', NULL, 0),
('LENTE-N', 'LENTE PARA GUIAS NARANJA', 12, 'products/no_image.png', 1, 3500, 2800, 0, 0, 0, 6000, 0, 100, '2021-02-01 15:39:00', '2021-01-05 17:52:38', NULL, 0),
('LIBRE-G', 'AVISO LIBRE VERDE', 8, 'products/no_image.png', 1, 8000, 4500, 6000, 5500, 0, 0, 3.8, 100, '2021-02-01 15:39:00', '2021-01-05 17:52:28', NULL, 0),
('LIBRE-W', 'AVISO LIBRE BLANCO', 8, 'products/no_image.png', 1, 8000, 5000, 6000, 5500, 0, 0, 3.8, 100, '2021-02-01 15:39:00', '2021-01-05 17:52:28', NULL, 0),
('LIBRE-Y', 'AVISO LIBRE AMARILLO', 8, 'products/no_image.png', 1, 8000, 4500, 6000, 5500, 0, 0, 3.8, 100, '2021-02-01 15:39:00', '2021-01-05 17:52:28', NULL, 0),
('LR4-C-R', 'LAMPARA 4&quot; REDONDA CAUCHO ROJA 12-24V', 10, 'products/no_image.png', 1, 20000, 13500, 17000, 15000, 0, 0, 12.42, 100, '2021-02-01 15:39:00', '2021-01-05 17:52:30', NULL, 0),
('LR4-C-W', 'LAMPARA 4&quot; REDONDA CAUCHO BLANCA 12-24V', 10, 'products/no_image.png', 1, 20000, 13500, 17000, 15000, 0, 0, 12.42, 100, '2021-02-01 15:39:00', '2021-01-05 17:52:30', NULL, 0),
('LR4-C-Y', 'LAMPARA 4&quot; REDONDA CAUCHO AMARILLA 12-24V', 10, 'products/no_image.png', 1, 20000, 13500, 17000, 15000, 0, 0, 12.42, 100, '2021-02-01 15:39:01', '2021-01-05 17:52:31', NULL, 0),
('LR4-I-R', 'LAMPARA 4&quot; REDONDA INCRUSTAR ROJA 12-24V', 10, 'products/no_image.png', 1, 18000, 13500, 17000, 15000, 0, 0, 17.25, 100, '2021-02-01 15:39:01', '2021-01-05 17:52:31', NULL, 0),
('LR4-I-W', 'LAMPARA 4&quot; REDONDA INCRUSTAR BLANCA 12-24V', 10, 'products/no_image.png', 1, 18000, 13500, 17000, 15000, 0, 0, 17.25, 100, '2021-02-01 15:39:01', '2021-01-05 17:52:31', NULL, 0),
('LR4-I-Y', 'LAMPARA 4&quot; REDONDA INCRUSTAR AMARILLA 12-24V', 10, 'products/no_image.png', 1, 18000, 13500, 17000, 15000, 0, 0, 17.25, 100, '2021-02-01 15:39:01', '2021-01-05 17:52:31', NULL, 0),
('M-16GB', 'MEMORIA MICRO-SD 16 GIGABYTES', 29, 'products/no_image.png', 1, 15, 11, 13, 12, 0, 10, 0, 100, '2021-02-01 15:39:01', '2021-02-01 15:27:29', NULL, 0),
('M-308', 'MANOS LIBRES BIG BASS 3.5mm', 25, 'products/no_image.png', 1, 10000, 8500, 9500, 9000, 0, 6500, 0, 100, '2021-02-01 15:39:01', '2021-01-05 17:52:45', NULL, 0),
('M-309', 'MANOS LIBRES BIG BASS TIPO C', 25, 'products/no_image.png', 1, 8000, 6000, 7000, 6500, 0, 4500, 0, 100, '2021-02-01 15:39:01', '2021-01-05 17:52:45', NULL, 0),
('M-32GB', 'MEMORIA MICRO-SD 32 GIGABYTES', 29, 'products/no_image.png', 1, 17, 13, 15, 14, 0, 11, 0, 100, '2021-02-01 15:39:01', '2021-02-01 15:27:30', NULL, 0),
('M-4GB', 'MEMORIA MICRO-SD 4 GIGABYTES', 29, 'products/no_image.png', 1, 10, 8, 9, 9, 0, 7, 0, 100, '2021-02-01 15:39:02', '2021-02-01 15:27:30', NULL, 0),
('M-64GB', 'MEMORIA MICRO-SD 64 GIGABYTES', 29, 'products/no_image.png', 1, 24, 20, 23, 21, 0, 17, 0, 100, '2021-02-01 15:39:02', '2021-02-01 15:27:31', NULL, 0),
('M-8GB', 'MEMORIA MICRO-SD 8 GIGABYTES', 29, 'products/no_image.png', 1, 13, 10, 12, 11, 0, 8, 0, 100, '2021-02-01 15:39:02', '2021-02-01 15:27:31', NULL, 0),
('M3-1', 'PISA TAPETE MAZDA 3', 16, 'products/no_image.png', 1, 100000, 90000, 95000, 92000, 0, 40000, 0, 100, '2021-02-01 15:39:02', '2021-01-05 17:52:41', NULL, 0),
('MB-12V', 'MODULO COB 12V 7CM AZUL', 6, 'products/no_image.png', 1, 2000, 1500, 1800, 1600, 0, 0, 1.5, 100, '2021-02-01 15:39:02', '2021-01-05 17:52:20', NULL, 0),
('MB-24V', 'MODULO COB 24V 7CM AZUL', 6, 'products/no_image.png', 1, 2000, 1500, 1800, 1600, 0, 0, 1.55, 100, '2021-02-01 15:39:02', '2021-01-05 17:52:21', NULL, 0),
('MB3-12V', 'MODULO COB 3LED  7CM 12V AZUL', 6, 'products/no_image.png', 1, 1600, 1100, 1400, 1300, 0, 0, 0.85, 100, '2021-02-01 15:39:02', '2021-01-05 17:52:21', NULL, 0),
('MB3-24V', 'MODULO COB 3LED  7CM 24V AZUL', 6, 'products/no_image.png', 1, 1600, 1100, 1400, 1300, 0, 0, 0.85, 100, '2021-02-01 15:39:02', '2021-01-05 17:52:21', NULL, 0),
('MBE-12V', 'MODULO COB ECONOMICO 12V 7CM AZUL', 6, 'products/no_image.png', 1, 1400, 900, 1200, 1000, 0, 0, 0.75, 100, '2021-02-01 15:39:02', '2021-01-05 17:52:21', NULL, 0),
('MBE-24V', 'MODULO COB ECONOMICO 24V 7CM AZUL', 6, 'products/no_image.png', 1, 1400, 900, 1200, 1000, 0, 0, 0.75, 100, '2021-02-01 15:39:02', '2021-01-05 17:52:21', NULL, 0),
('MBI-12V', 'MODULO COB 12V 7CM AZUL ICE', 6, 'products/no_image.png', 1, 2000, 1500, 1800, 1600, 0, 0, 1.55, 100, '2021-02-01 15:39:02', '2021-01-05 17:52:21', NULL, 0),
('MBI-24V', 'MODULO COB 24V 7CM AZUL ICE', 6, 'products/no_image.png', 1, 2000, 1500, 1800, 1600, 0, 0, 1.55, 100, '2021-02-01 15:39:02', '2021-01-05 17:52:22', NULL, 0),
('MBI3-12V', 'MODULO COB 3LED  7CM 12V AZUL ICE', 6, 'products/no_image.png', 1, 1600, 1100, 1400, 1300, 0, 0, 0.85, 100, '2021-02-01 15:39:02', '2021-01-05 17:52:22', NULL, 0),
('MBI3-24V', 'MODULO COB 3LED  7CM 24V AZUL ICE', 6, 'products/no_image.png', 1, 1600, 1100, 1400, 1300, 0, 0, 0.85, 100, '2021-02-01 15:39:02', '2021-01-05 17:52:22', NULL, 0),
('MBIE-12V', 'MODULO COB ECONOMICO 12V 7CM AZUL ICE', 6, 'products/no_image.png', 1, 1400, 900, 1200, 1000, 0, 0, 0.75, 100, '2021-02-01 15:39:03', '2021-01-05 17:52:23', NULL, 0),
('MBIE-24V', 'MODULO COB ECONOMICO 24V 7CM AZUL ICE', 6, 'products/no_image.png', 1, 1400, 900, 1200, 1000, 0, 0, 0.75, 100, '2021-02-01 15:39:03', '2021-01-05 17:52:23', NULL, 0),
('MF-12V', 'MODULO COB 12V 7CM FUCSIA', 6, 'products/no_image.png', 1, 2000, 1500, 1800, 1600, 0, 0, 1.55, 100, '2021-02-01 15:39:03', '2021-01-05 17:52:23', NULL, 0),
('MF-24V', 'MODULO COB 24V 7CM FUCSIA', 6, 'products/no_image.png', 1, 2000, 1500, 1800, 1600, 0, 0, 1.55, 100, '2021-02-01 15:39:03', '2021-01-05 17:52:23', NULL, 0),
('MG-12V', 'MODULO COB 12V 7CM VERDE', 6, 'products/no_image.png', 1, 2000, 1500, 1800, 1600, 0, 0, 1.55, 100, '2021-02-01 15:39:03', '2021-01-05 17:52:23', NULL, 0),
('MG-24V', 'MODULO COB 24V 7CM VERDE', 6, 'products/no_image.png', 1, 2000, 1500, 1800, 1600, 0, 0, 1.55, 100, '2021-02-01 15:39:03', '2021-01-05 17:52:23', NULL, 0),
('MG3-12V', 'MODULO COB 3LED  7CM 12V VERDE', 6, 'products/no_image.png', 1, 1600, 1100, 1400, 1300, 0, 0, 0.85, 100, '2021-02-01 15:39:03', '2021-01-05 17:52:23', NULL, 0),
('MG3-24V', 'MODULO COB 3LED  7CM 24V VERDE', 6, 'products/no_image.png', 1, 1600, 1100, 1400, 1300, 0, 0, 0.85, 100, '2021-02-01 15:39:03', '2021-01-05 17:52:24', NULL, 0),
('MGE-12V', 'MODULO COB ECONOMICO 12V 7CM VERDE', 6, 'products/no_image.png', 1, 1400, 900, 1200, 1000, 0, 0, 0.75, 100, '2021-02-01 15:39:03', '2021-01-05 17:52:24', NULL, 0),
('MGE-24V', 'MODULO COB ECONOMICO 24V 7CM VERDE', 6, 'products/no_image.png', 1, 1400, 900, 1200, 1000, 0, 0, 0.75, 100, '2021-02-01 15:39:03', '2021-01-05 17:52:24', NULL, 0),
('MODULO-SISAS-20', 'MODULO COB ECONOMICO 12V 7CM VERDE PRUEBA', 6, 'products/no_image.png', 1, 1400, 900, 1200, 1000, 0, 0, 0.75, 100, '2021-02-02 12:19:31', '2021-02-02 12:19:31', NULL, 0),
('MONEDA', 'BASE IMAN MONEDA /', 23, 'products/no_image.png', 1, 3000, 2200, 2600, 2300, 0, 0, 2.5, 100, '2021-02-01 15:39:03', '2021-01-05 17:52:44', NULL, 0),
('MOTOPINZA', 'BASE MOTO PINZA /', 23, 'products/no_image.png', 1, 6000, 5000, 5500, 5300, 0, 0, 3.4, 100, '2021-02-01 15:39:04', '2021-01-05 17:52:44', NULL, 0),
('MP-12V', 'MODULO COB 12V 7CM MORADO', 6, 'products/no_image.png', 1, 2000, 1500, 1800, 1600, 0, 0, 1.55, 100, '2021-02-01 15:39:04', '2021-01-05 17:52:24', NULL, 0),
('MP-24V', 'MODULO COB 24V 7CM MORADO', 6, 'products/no_image.png', 1, 2000, 1500, 1800, 1600, 0, 0, 1.55, 100, '2021-02-01 15:39:04', '2021-01-05 17:52:24', NULL, 0),
('MP3-12V', 'MODULO COB 3LED  7CM 12V MORADO', 6, 'products/no_image.png', 1, 1600, 1100, 1400, 1300, 0, 0, 0.85, 100, '2021-02-01 15:39:04', '2021-01-05 17:52:24', NULL, 0),
('MP3-24V', 'MODULO COB 3LED  7CM 24V MORADO', 6, 'products/no_image.png', 1, 1600, 1100, 1400, 1300, 0, 0, 0.85, 100, '2021-02-01 15:39:04', '2021-01-05 17:52:25', NULL, 0),
('MPE-12V', 'MODULO COB ECONOMICO 12V 7CM FUCSIA', 6, 'products/no_image.png', 1, 1400, 900, 1200, 1000, 0, 0, 0.75, 100, '2021-02-01 15:39:04', '2021-01-05 17:52:25', NULL, 0),
('MPE-24V', 'MODULO COB ECONOMICO 24V 7CM FUCSIA', 6, 'products/no_image.png', 1, 1400, 900, 1200, 1000, 0, 0, 0.75, 100, '2021-02-01 15:39:04', '2021-01-05 17:52:25', NULL, 0),
('MR3-12V', 'MODULO COB 3LED  7CM 12V ROJO', 6, 'products/no_image.png', 1, 1600, 1100, 1400, 1300, 0, 0, 0.85, 100, '2021-02-01 15:39:05', '2021-01-05 17:52:25', NULL, 0),
('MR3-24V', 'MODULO COB 3LED  7CM 24V ROJO', 6, 'products/no_image.png', 1, 1600, 1100, 1400, 1300, 0, 0, 0.85, 100, '2021-02-01 15:39:05', '2021-01-05 17:52:25', NULL, 0),
('MRE-12V', 'MODULO COB ECONOMICO 12V 7CM ROJO', 6, 'products/no_image.png', 1, 1400, 900, 1200, 1000, 0, 0, 0.75, 100, '2021-02-01 15:39:05', '2021-01-05 17:52:25', NULL, 0),
('MRE-24V', 'MODULO COB ECONOMICO 24V 7CM ROJO', 6, 'products/no_image.png', 1, 1400, 900, 1200, 1000, 0, 0, 0.75, 100, '2021-02-01 15:39:05', '2021-01-05 17:52:25', NULL, 0),
('MW-12V', 'MODULO COB 12V 7CM BLANCO', 6, 'products/no_image.png', 1, 2000, 1500, 1800, 1600, 0, 0, 1.55, 100, '2021-02-01 15:39:05', '2021-01-05 17:52:25', NULL, 0),
('MW-24V', 'MODULO COB 24V 7CM BLANCO', 6, 'products/no_image.png', 1, 2000, 1500, 1800, 1600, 0, 0, 1.55, 100, '2021-02-01 15:39:05', '2021-01-05 17:52:25', NULL, 0),
('MW3-12V', 'MODULO COB 3LED 7CM 12V BLANCO', 6, 'products/no_image.png', 1, 1600, 1100, 1400, 1300, 0, 0, 0.85, 100, '2021-02-01 15:39:06', '2021-01-05 17:52:26', NULL, 0),
('MW3-24V', 'MODULO COB 3LED 7CM 24V BLANCO', 6, 'products/no_image.png', 1, 1600, 1100, 1400, 1300, 0, 0, 0.85, 100, '2021-02-01 15:39:06', '2021-01-05 17:52:26', NULL, 0),
('MWE-12V', 'MODULO COB ECONOMICO 12V 7CM BLANCO', 6, 'products/no_image.png', 1, 1400, 900, 1200, 1000, 0, 0, 0.75, 100, '2021-02-01 15:39:06', '2021-01-05 17:52:26', NULL, 0),
('MWE-24V', 'MODULO COB ECONOMICO 24V 7CM BLANCO', 6, 'products/no_image.png', 1, 1400, 900, 1200, 1000, 0, 0, 0.75, 100, '2021-02-01 15:39:07', '2021-01-05 17:52:26', NULL, 0),
('MY-12V', 'MODULO COB 12V 7CM AMARILLO', 6, 'products/no_image.png', 1, 2000, 1500, 1800, 1600, 0, 0, 1.55, 100, '2021-02-01 15:39:07', '2021-01-05 17:52:26', NULL, 0),
('MY-24V', 'MODULO COB 24V 7CM AMARILLO', 6, 'products/no_image.png', 1, 2000, 1500, 1800, 1600, 0, 0, 1.55, 100, '2021-02-01 15:39:07', '2021-01-05 17:52:26', NULL, 0),
('MY3-12V', 'MODULO COB 3LED  7CM 12V AMARILLO', 6, 'products/no_image.png', 1, 1600, 1100, 1400, 1300, 0, 0, 0.85, 100, '2021-02-01 15:39:07', '2021-01-05 17:52:27', NULL, 0),
('MY3-24V', 'MODULO COB 3LED  7CM 24V AMARILLO', 6, 'products/no_image.png', 1, 1600, 1100, 1400, 1300, 0, 0, 0.85, 100, '2021-02-01 15:39:08', '2021-01-05 17:52:27', NULL, 0),
('MYE-12V', 'MODULO COB ECONOMICO 12V 7CM AMARILLO', 6, 'products/no_image.png', 1, 1400, 900, 1200, 1000, 0, 0, 0.75, 100, '2021-02-01 15:39:08', '2021-01-05 17:52:27', NULL, 0),
('MYE-24V', 'MODULO COB ECONOMICO 24V 7CM AMARILLO', 6, 'products/no_image.png', 1, 1400, 900, 1200, 1000, 0, 0, 0.75, 100, '2021-02-01 15:39:08', '2021-01-05 17:52:27', NULL, 0),
('ORAFOL-R', 'CINTA ORAFOL ROJA', 34, 'products/no_image.png', 1, 300000, 250000, 270000, 260000, 0, 199999, 0, 100, '2021-02-01 15:39:08', '2021-01-05 17:52:52', NULL, 0),
('ORAFOL-R/W', 'CINTA ORAFOL ROJA/BLANCA', 34, 'products/no_image.png', 1, 300000, 250000, 270000, 260000, 0, 199000, 0, 100, '2021-02-01 15:39:09', '2021-01-05 17:52:52', NULL, 0),
('ORAFOL-W', 'CINTA ORAFOL  BLANCA', 34, 'products/no_image.png', 1, 300000, 250000, 270000, 260000, 0, 199000, 0, 100, '2021-02-01 15:39:09', '2021-01-05 17:52:52', NULL, 0),
('P11', 'CARGADOR CARRO USB NEGRO-BLANCO 3.1A', 22, 'products/no_image.png', 1, 5000, 3800, 4500, 3800, 0, 2600, 0, 100, '2021-02-01 15:39:09', '2021-01-05 17:52:43', NULL, 0),
('P12', 'CARGADOR CARRO USB NEGRO-BLANCO 3.1A TIPO V8', 22, 'products/no_image.png', 1, 8000, 6000, 7500, 6000, 0, 4200, 0, 100, '2021-02-01 15:39:09', '2021-01-05 17:52:43', NULL, 0),
('P14', 'CARGADOR CARRO USB NEGRO-BLANCO 3.1A TIPO C', 22, 'products/no_image.png', 1, 8000, 6000, 7500, 6000, 0, 4200, 0, 100, '2021-02-01 15:39:09', '2021-01-05 17:52:43', NULL, 0),
('PA12', 'PLUMILLA AERODINAMICA 12&quot;', 49, 'products/no_image.png', 1, 3500, 2500, 3000, 2500, 0, 2000, 0, 100, '2021-02-01 15:39:09', '2021-01-05 17:52:58', NULL, 0),
('PA14', 'PLUMILLA AERODINAMICA 14&quot;', 49, 'products/no_image.png', 1, 3500, 2500, 3000, 2500, 0, 2000, 0, 100, '2021-02-01 15:39:09', '2021-01-05 17:52:58', NULL, 0),
('PA16', 'PLUMILLA AERODINAMICA 16&quot;', 49, 'products/no_image.png', 1, 4000, 2500, 3000, 2500, 0, 2000, 0, 100, '2021-02-01 15:39:09', '2021-01-05 17:52:58', NULL, 0),
('PA18', 'PLUMILLA AERODINAMICA 18&quot;', 49, 'products/no_image.png', 1, 3500, 2500, 3000, 2500, 0, 2000, 0, 100, '2021-02-01 15:39:09', '2021-01-05 17:52:58', NULL, 0),
('PA20', 'PLUMILLA AERODINAMICA 20&quot;', 49, 'products/no_image.png', 1, 3500, 2500, 3000, 2500, 0, 2000, 0, 100, '2021-02-01 15:39:09', '2021-01-05 17:52:58', NULL, 0),
('PA22', 'PLUMILLA AERODINAMICA 22&quot;', 49, 'products/no_image.png', 1, 3500, 2500, 3000, 2500, 0, 2000, 0, 100, '2021-02-01 15:39:09', '2021-01-05 17:52:59', NULL, 0),
('PA26', 'PLUMILLA AERODINAMICA 26&quot;', 49, 'products/no_image.png', 1, 3500, 2500, 3000, 2500, 0, 2000, 0, 100, '2021-02-01 15:39:09', '2021-01-05 17:52:59', NULL, 0),
('PANAGRIS', 'ESPALDAR DE PANA GRIS', 14, 'products/no_image.png', 1, 23000, 19000, 21000, 20000, 0, 0, 17.5, 100, '2021-02-01 15:39:10', '2021-01-05 17:52:40', NULL, 0),
('PANANEGRO', 'ESPALDAR DE PANA NEGRO', 14, 'products/no_image.png', 1, 23000, 19000, 21000, 20000, 0, 0, 17.5, 100, '2021-02-01 15:39:10', '2021-01-05 17:52:40', NULL, 0),
('PLANO9LED', 'T10 PLANO 9LED 12V BLANCO CAN-BUS', 3, 'products/no_image.png', 1, 2500, 1500, 2000, 1700, 0, 0, 0.85, 100, '2021-02-01 15:39:10', '2021-01-05 17:52:11', NULL, 0),
('PM12', 'PLUMILLA METALICA 12&quot;', 2, 'products/no_image.png', 1, 2500, 2200, 2400, 2200, 0, 2000, 0, 100, '2021-02-01 15:39:10', '2021-01-05 17:52:04', NULL, 0),
('PM14', 'PLUMILLA METALICA 14&quot;', 2, 'products/no_image.png', 1, 2500, 2200, 2400, 2200, 0, 2000, 0, 100, '2021-02-01 15:39:10', '2021-01-05 17:52:04', NULL, 0),
('PM16', 'PLUMILLA METALICA 16&quot;', 48, 'products/no_image.png', 1, 2500, 2200, 2400, 2200, 0, 2000, 0, 100, '2021-02-01 15:39:10', '2021-01-05 17:52:57', NULL, 0),
('PM18', 'PLUMILLA METALICA 18&quot;', 48, 'products/no_image.png', 1, 2500, 2200, 2400, 2200, 0, 2000, 0, 100, '2021-02-01 15:39:10', '2021-01-05 17:52:57', NULL, 0),
('PM20', 'PLUMILLA METALICA 20&quot;', 48, 'products/no_image.png', 1, 2600, 2200, 2400, 2200, 0, 2000, 0, 100, '2021-02-01 15:39:10', '2021-01-05 17:52:57', NULL, 0),
('PM22', 'PLUMILLA METALICA 22&quot;', 48, 'products/no_image.png', 1, 2500, 2200, 2400, 2200, 0, 2000, 0, 100, '2021-02-01 15:39:10', '2021-01-05 17:52:57', NULL, 0),
('PM24', 'PLUMILLA METALICA 24&quot;', 48, 'products/no_image.png', 1, 2500, 2200, 2400, 2200, 0, 2000, 0, 100, '2021-02-01 15:39:11', '2021-01-05 17:52:58', NULL, 0),
('PP-G', 'PARASOL DE PUNTOS GRANDE', 50, 'products/no_image.png', 1, 8000, 6800, 7500, 7000, 0, 0, 8.5, 100, '2021-02-01 15:39:11', '2021-01-05 17:52:59', NULL, 0),
('PP-P', 'PARASOL DE PUNTOS PEQUEÑO', 50, 'products/no_image.png', 1, 7500, 6000, 7000, 6500, 0, 0, 8, 100, '2021-02-01 15:39:11', '2021-01-05 17:52:59', NULL, 0),
('PPC', 'PARASOL POLARIZADO CHUPAS', 50, 'products/no_image.png', 1, 7000, 4700, 6500, 5200, 0, 3500, 0, 100, '2021-02-01 15:39:11', '2021-01-05 17:52:59', NULL, 0),
('PULPO', 'PULPO ELASTICO DE MOTO', 2, 'products/no_image.png', 1, 5000, 3500, 0, 0, 0, 0, 0, 100, '2021-02-01 15:39:11', '2021-01-05 17:52:04', NULL, 0),
('PULPOMOTO', 'PULPO PLANO MOTO COLORES', 20, 'products/no_image.png', 1, 3500, 2800, 3300, 3000, 0, 2200, 0, 100, '2021-02-01 15:39:11', '2021-01-05 17:52:43', NULL, 0),
('PVC-60CM', 'CONO DE PVC DE 60CM', 38, 'products/no_image.png', 1, 0, 0, 0, 0, 0, 0, 0, 100, '2021-02-01 15:39:11', '2021-02-01 15:27:42', NULL, 0),
('PVC-70CM', 'CONO DE PVC DE 70CM', 38, 'products/no_image.png', 1, 0, 0, 0, 0, 0, 0, 0, 100, '2021-02-01 15:39:11', '2021-02-01 15:27:42', NULL, 0),
('PVC-90CM', 'CONO DE PVC DE 90CM', 38, 'products/no_image.png', 1, 0, 0, 0, 0, 0, 0, 0, 100, '2021-02-01 15:39:12', '2021-02-01 15:27:42', NULL, 0),
('PW-829', 'POWER BANK USB (2 PUERTOS) 5000 MHA', 54, 'products/no_image.png', 1, 30000, 25000, 28500, 27000, 0, 18000, 0, 100, '2021-02-01 15:39:12', '2021-01-05 17:53:04', NULL, 0),
('QL-1', 'PISA TAPETES CON LUZ KIA SPORTAGE R', 16, 'products/no_image.png', 1, 100000, 90000, 95000, 92000, 0, 40000, 0, 100, '2021-02-01 15:39:12', '2021-01-05 17:52:41', NULL, 0),
('RAV4-1', 'PISA TAPETE MAZDA 3', 16, 'products/no_image.png', 1, 100000, 90000, 95000, 92000, 0, 40000, 0, 100, '2021-02-01 15:39:12', '2021-01-05 17:52:41', NULL, 0),
('REFLE-G', 'CINTA REFLECTIVA VERDE', 35, 'products/no_image.png', 1, 0, 0, 0, 0, 0, 0, 0, 100, '2021-02-01 15:39:12', '2021-01-05 17:52:52', NULL, 0),
('REFLE-R', 'CINTA REFLECTIVA ROJA DUM', 35, 'products/no_image.png', 1, 200000, 150000, 190000, 180000, 0, 50000, 0, 100, '2021-02-01 15:39:12', '2021-01-05 17:52:53', NULL, 0),
('REGULADOR', 'PROBADOR DE BOMBILLOS 12V - 2.0A', 54, 'products/no_image.png', 1, 15000, 13000, 14000, 13500, 0, 8000, 0, 100, '2021-02-01 15:39:12', '2021-01-05 17:53:04', NULL, 0),
('REJILLAIMAN', 'BASE IMAN REJILLA /', 23, 'products/no_image.png', 1, 5000, 4300, 4700, 4500, 0, 0, 4.1, 100, '2021-02-01 15:39:13', '2021-01-05 17:52:44', NULL, 0),
('REJILLAPINZA', 'BASE REJILLA PINZA /', 23, 'products/no_image.png', 1, 3000, 1800, 2500, 2000, 0, 0, 1.5, 100, '2021-02-01 15:39:13', '2021-01-05 17:52:44', NULL, 0),
('S60', 'AIRPODS BLUETOOTH CON SENSOR', 26, 'products/no_image.png', 1, 52000, 45000, 49500, 48500, 0, 30000, 0, 100, '2021-02-01 15:39:13', '2021-01-05 17:52:46', NULL, 0),
('S60COLORES', 'AIRPODS BLUETOOTH CON SENSOR COLORES', 26, 'products/no_image.png', 1, 110000, 85000, 100000, 90000, 0, 70000, 0, 100, '2021-02-01 15:39:13', '2021-01-05 17:52:46', NULL, 0),
('SILICONAFI/FL', 'T10 SILICONA 3014 - 24LED BLANCO FIJO/FLASH', 3, 'products/no_image.png', 1, 3, 2, 3, 3, 0, 0, 1.2, 100, '2021-02-01 15:39:13', '2021-02-01 15:27:44', NULL, 0),
('SILICONAFIJO', 'T10 SILICONA 6 LED BLANCO FIJO 12V', 3, 'products/no_image.png', 1, 1500, 700, 1000, 800, 0, 0, 0.5, 100, '2021-02-01 15:39:13', '2021-01-05 17:52:11', NULL, 0),
('SILICONAFLASH', 'T10 SILICONA 3014 - 24LED BLANCO FLASH', 3, 'products/no_image.png', 1, 3000, 2000, 2500, 2300, 0, 0, 1.25, 100, '2021-02-01 15:39:13', '2021-01-05 17:52:11', NULL, 0);
INSERT INTO `products` (`idProduct`, `description`, `family`, `picture_url`, `provider`, `price`, `price_base`, `price_scale`, `price_dist`, `cost`, `cost_cop`, `cost_rmb`, `min`, `updated_at`, `created_at`, `deleted_at`, `deleted`) VALUES
('SP006', 'BASE DE ANTENA TIPO RESORTE', 51, 'products/no_image.png', 1, 15500, 14000, 15000, 14500, 0, 0, 14.2, 100, '2021-02-01 15:39:13', '2021-01-05 17:53:02', NULL, 0),
('SUPPORT', 'BASE PARA EXPLORADORA', 42, 'products/no_image.png', 1, 5000, 3200, 4500, 4000, 0, 0, 2, 100, '2021-02-01 15:39:13', '2021-01-05 17:52:56', NULL, 0),
('T105LED', 'T10 5 LED ECONOMICO BLANCO 12V', 3, 'products/no_image.png', 1, 1000, 670, 800, 700, 0, 0, 0.49, 100, '2021-02-01 15:39:13', '2021-01-05 17:52:11', NULL, 0),
('T108LED', 'T10 2835 8LED CORTO ECONOMICO BLANCO 12V', 3, 'products/no_image.png', 1, 1000, 650, 800, 700, 0, 0, 0.43, 100, '2021-02-01 15:39:13', '2021-01-05 17:52:11', NULL, 0),
('T10B-W', 'T10 PATRULLERO 5730-8 LED AZUL-BLANCO 12V FLASH', 3, 'products/no_image.png', 1, 2500, 1600, 2200, 1700, 0, 0, 1.9, 100, '2021-02-01 15:39:14', '2021-01-05 17:52:11', NULL, 0),
('T10COLORES', 'T10 CAMBIA COLOR 12V', 3, 'products/no_image.png', 1, 3000, 2700, 2900, 2800, 0, 0, 3.2, 100, '2021-02-01 15:39:14', '2021-01-05 17:52:11', NULL, 0),
('T10CONTROL', 'T10 CONTROL REMOTO 12V', 3, 'products/no_image.png', 1, 10000, 7000, 9500, 8500, 0, 0, 5.8, 100, '2021-02-01 15:39:14', '2021-01-05 17:52:11', NULL, 0),
('T10G-W', 'T10 PATRULLERO 5730-8 LED VERDE-BLANCO 12V FLASH', 3, 'products/no_image.png', 1, 2500, 1600, 2200, 1700, 0, 0, 1.9, 100, '2021-02-01 15:39:14', '2021-01-05 17:52:11', NULL, 0),
('T10P-W', 'T10 PATRULLERO 5730-8 LED FUCSIA-BLANCO 12V FLASH', 3, 'products/no_image.png', 1, 2500, 1600, 2200, 1700, 0, 0, 1.9, 100, '2021-02-01 15:39:14', '2021-01-05 17:52:12', NULL, 0),
('T10R-B', 'T10 PATRULLERO 5730-8 LED ROJO-AZUL 12V FLASH', 3, 'products/no_image.png', 1, 3500, 2500, 3000, 2700, 0, 0, 1.9, 100, '2021-02-01 15:39:14', '2021-01-05 17:52:12', NULL, 0),
('T10R-W', 'T10 PATRULLERO 5730-8 LED ROJO-BLANCO 12V FLASH', 3, 'products/no_image.png', 1, 2500, 1600, 2200, 1700, 0, 0, 1.9, 100, '2021-02-01 15:39:14', '2021-01-05 17:52:12', NULL, 0),
('T10Y-B', 'T10 PATRULLERO 5730-8 LED AMARILLO-AZUL 12V FLASH', 3, 'products/no_image.png', 1, 2500, 2000, 2400, 2200, 0, 0, 1.9, 100, '2021-02-01 15:39:14', '2021-01-05 17:52:12', NULL, 0),
('T10Y-W', 'T10 PATRULLERO 5730-8 LED AMARIL-BLANCO 12V FLASH', 3, 'products/no_image.png', 1, 2500, 1600, 2200, 1700, 0, 0, 1.9, 100, '2021-02-01 15:39:15', '2021-01-05 17:52:12', NULL, 0),
('T20-1034', 'BOMBILLO T20 1034 BLANCO 24 LED CAN-BUS', 3, 'products/no_image.png', 1, 6000, 5100, 5500, 5300, 0, 0, 5.3, 100, '2021-02-01 15:39:15', '2021-01-05 17:52:12', NULL, 0),
('T201141', 'BOMBILLO T20 1141 BLANCO 24 LED CAN-BUS', 3, 'products/no_image.png', 1, 6000, 5100, 5500, 5300, 0, 0, 5.3, 100, '2021-02-01 15:39:15', '2021-01-05 17:52:12', NULL, 0),
('T4.7', 'T4.7 3030-1 LED BLANCO 12V', 3, 'products/no_image.png', 1, 3000, 1800, 2500, 2000, 0, 0, 0.7, 100, '2021-02-01 15:39:15', '2021-01-05 17:52:12', NULL, 0),
('TABLERO', 'TABLERO EXHIBIDOR DE BOMBILLOS', 55, 'products/no_image.png', 1, 50000, 0, 0, 0, 0, 0, 0, 100, '2021-02-01 15:39:15', '2021-01-05 17:53:04', NULL, 0),
('TAPABOCAS', 'TAPABOCAS EMPAQUE INDIVIDUAL', 47, 'products/no_image.png', 1, 600, 300, 500, 400, 0, 200, 0, 100, '2021-02-01 15:39:16', '2021-01-05 17:52:57', NULL, 0),
('TAXI', 'AVISO TAXI CAMBIA COLOR', 8, 'products/no_image.png', 1, 12000, 10000, 11500, 11000, 0, 0, 7.5, 100, '2021-02-01 15:39:16', '2021-01-05 17:52:28', NULL, 0),
('TAXI-G', 'AVISO TAXI PEQUEÑO VERDE', 8, 'products/no_image.png', 1, 6500, 4500, 6000, 5500, 0, 0, 3.4, 100, '2021-02-01 15:39:16', '2021-01-05 17:52:28', NULL, 0),
('TAXI-W', 'AVISO TAXI PEQUEÑO BLANCO', 8, 'products/no_image.png', 1, 6500, 4500, 6000, 5500, 0, 0, 3.4, 100, '2021-02-01 15:39:16', '2021-01-05 17:52:28', NULL, 0),
('TAXI-Y', 'AVISO TAXI PEQUEÑO AMARILLO', 8, 'products/no_image.png', 1, 6500, 4500, 6000, 5500, 0, 0, 3.4, 100, '2021-02-01 15:39:16', '2021-01-05 17:52:29', NULL, 0),
('TECHO-E', 'PLACA TECHO ECONOMICA 12V', 4, 'products/no_image.png', 1, 2500, 1500, 2000, 1900, 0, 1000, 0, 100, '2021-02-01 15:39:16', '2021-01-05 17:52:12', NULL, 0),
('TECHOICE', 'PLACA TECHO 8LED BLANCO ICE 12V', 4, 'products/no_image.png', 1, 4500, 3800, 4300, 4000, 0, 0, 3.9, 100, '2021-02-01 15:39:16', '2021-01-05 17:52:12', NULL, 0),
('TL214R', 'LICUADORA IMAN 12CM 6W TL-214 ROJA /', 7, 'products/no_image.png', 1, 28000, 20500, 25000, 22000, 0, 0, 21, 100, '2021-02-01 15:39:16', '2021-01-05 17:52:28', NULL, 0),
('TL214Y', 'LICUADORA IMAN 12CM 6W TL-214 AMARILLA /', 7, 'products/no_image.png', 1, 28000, 20500, 25000, 22000, 0, 0, 21, 100, '2021-02-01 15:39:17', '2021-01-05 17:52:28', NULL, 0),
('TRIPODE', 'BUJE TIPO TRIPODE', 12, 'products/no_image.png', 1, 16000, 14000, 15000, 14500, 0, 9000, 0, 100, '2021-02-01 15:39:17', '2021-01-05 17:52:38', NULL, 0),
('USB-16GB', 'MEMORIA USB 16 GIGA BYTES', 1, 'products/no_image.png', 1, 15, 13, 14, 14, 0, 10, 0, 100, '2021-02-01 15:39:17', '2021-02-01 15:27:47', NULL, 0),
('USB-32GB', 'MEMORIA USB 32 GIGA BYTES', 1, 'products/no_image.png', 1, 18, 16, 17, 16, 0, 12, 0, 100, '2021-02-01 15:39:17', '2021-02-01 15:27:47', NULL, 0),
('USB-4GB', 'MEMORIA USB 4 GIGA BYTES', 1, 'products/no_image.png', 1, 13, 12, 13, 12, 0, 9, 0, 100, '2021-02-01 15:39:17', '2021-02-01 15:27:47', NULL, 0),
('USB-64GB', 'MEMORIA USB 64 GIGA BYTES', 1, 'products/no_image.png', 1, 27, 24, 25, 24, 0, 12, 0, 100, '2021-02-01 15:39:17', '2021-02-01 15:27:48', NULL, 0),
('USB-8GB', 'MEMORIA USB 8 GIGA BYTES', 1, 'products/no_image.png', 1, 14, 12, 13, 13, 0, 9, 0, 100, '2021-02-01 15:39:17', '2021-02-01 15:27:48', NULL, 0),
('USB16', 'MEMORIA USB 16 GIGA BYTES', 29, 'products/no_image.png', 1, 15000, 13700, 14500, 14000, 0, 10700, 0, 100, '2021-01-05 17:52:46', '2021-01-05 17:52:46', NULL, 0),
('USB32', 'MEMORIA USB 32 GIGA BYTES', 29, 'products/no_image.png', 1, 18000, 16300, 17500, 16700, 0, 12900, 0, 100, '2021-01-05 17:52:46', '2021-01-05 17:52:46', NULL, 0),
('USB4', 'MEMORIA USB 4 GIGA BYTES', 29, 'products/no_image.png', 1, 13500, 12000, 13000, 12500, 0, 9500, 0, 100, '2021-01-05 17:52:46', '2021-01-05 17:52:46', NULL, 0),
('USB64', 'MEMORIA USB 64 GIGA BYTES', 29, 'products/no_image.png', 1, 27000, 24000, 25500, 24500, 0, 12900, 0, 100, '2021-01-05 17:52:46', '2021-01-05 17:52:46', NULL, 0),
('USB8', 'MEMORIA USB 8 GIGA BYTES', 29, 'products/no_image.png', 1, 14000, 12500, 13500, 13000, 0, 9900, 0, 100, '2021-01-05 17:52:47', '2021-01-05 17:52:47', NULL, 0),
('V6-24V', 'VENTILADOR 6&quot; 24V', 21, 'products/no_image.png', 1, 25000, 19000, 22500, 20000, 0, 0, 20.8, 100, '2021-02-01 15:39:17', '2021-01-05 17:52:43', NULL, 0),
('VOLQUETA-E', 'ESPEJO RETROVISOR VOLQUETA ACERO ECONOMICO', 30, 'products/no_image.png', 1, 15000, 11000, 12000, 11500, 0, 9000, 0, 100, '2021-02-01 15:39:17', '2021-01-05 17:52:48', NULL, 0),
('YW-C002', 'SIRENA 3 TONOS CON BOTONES 12V', 13, 'products/no_image.png', 1, 14500, 13000, 14000, 13500, 0, 0, 10.9, 100, '2021-02-01 15:39:18', '2021-01-05 17:52:39', NULL, 0),
('YW-C004-1', 'PITO DE PERIFONEO 7 TONOS 12V', 13, 'products/no_image.png', 1, 40000, 33000, 37000, 35000, 0, 0, 25.5, 100, '2021-02-01 15:39:18', '2021-01-05 17:52:39', NULL, 0),
('YW-C009-1', 'CORNETA FARA FARA TRIPLE ELECTRICA 12V', 13, 'products/no_image.png', 1, 51000, 48000, 50000, 49000, 0, 0, 48.8, 100, '2021-02-01 15:39:18', '2021-01-05 17:52:39', NULL, 0),
('YW-C009-1-24V', 'CORNETA FARA FARA TRIPLE ELECTRICA 24V', 13, 'products/no_image.png', 1, 51000, 48000, 50000, 49000, 0, 0, 48.8, 100, '2021-02-01 15:39:18', '2021-01-05 17:52:39', NULL, 0),
('YW-C010', 'CORNETA ELECTROVALVULA DOBLE AIRE/CORRIENTE 12/24V', 13, 'products/no_image.png', 1, 35000, 33500, 34500, 34000, 0, 0, 34, 100, '2021-02-01 15:39:18', '2021-01-05 17:52:39', NULL, 0),
('YW-F004-1', 'PITO DE REVERSA TAPA ROJA 12/24V', 13, 'products/no_image.png', 1, 11000, 9500, 10500, 10000, 0, 0, 7.8, 100, '2021-02-01 15:39:18', '2021-01-05 17:52:39', NULL, 0),
('YW-F010', 'PITO DE REVERSA CON LUZ 12/24V', 13, 'products/no_image.png', 1, 6000, 4500, 5500, 5000, 0, 0, 4, 100, '2021-02-01 15:39:18', '2021-01-05 17:52:40', NULL, 0),
('YW-F011', 'PITO REVERSA DE METAL 24V', 13, 'products/no_image.png', 1, 10000, 8500, 9500, 9000, 0, 0, 7.5, 100, '2021-02-01 15:39:18', '2021-01-05 17:52:40', NULL, 0),
('YW-F015', 'SIRENA MINI 6 TONOS 24V', 13, 'products/no_image.png', 1, 12500, 11000, 12000, 11500, 0, 0, 10.8, 100, '2021-02-01 15:39:19', '2021-01-05 17:52:40', NULL, 0);

-- --------------------------------------------------------

--
-- Estructura de tabla para la tabla `product_families`
--

CREATE TABLE `product_families` (
  `idFamily` int(11) NOT NULL,
  `name` varchar(150) DEFAULT NULL,
  `updated_at` datetime DEFAULT NULL,
  `created_at` datetime DEFAULT NULL,
  `deleted_at` datetime DEFAULT NULL,
  `deleted` tinyint(4) DEFAULT 0
) ENGINE=InnoDB DEFAULT CHARSET=utf8;

--
-- Volcado de datos para la tabla `product_families`
--

INSERT INTO `product_families` (`idFamily`, `name`, `updated_at`, `created_at`, `deleted_at`, `deleted`) VALUES
(1, 'SIN FAMILIA A', NULL, NULL, NULL, 0),
(2, 'SIN FAMILIA', '2021-01-05 17:52:03', '2021-01-05 17:52:03', NULL, 0),
(3, 'BOMBILLOS T10, T5, T20, S25', '2021-01-05 17:52:04', '2021-01-05 17:52:04', NULL, 0),
(4, 'PLACAS LED TECHO', '2021-01-05 17:52:12', '2021-01-05 17:52:12', NULL, 0),
(5, 'BOMBILLOS FAROLA', '2021-01-05 17:52:13', '2021-01-05 17:52:13', NULL, 0),
(6, 'CINTA LED', '2021-01-05 17:52:18', '2021-01-05 17:52:18', NULL, 0),
(7, 'LICUADORAS', '2021-01-05 17:52:27', '2021-01-05 17:52:27', NULL, 0),
(8, 'AVISOS', '2021-01-05 17:52:28', '2021-01-05 17:52:28', NULL, 0),
(9, 'PATRULLERAS', '2021-01-05 17:52:29', '2021-01-05 17:52:29', NULL, 0),
(10, 'LUCES LATERALES Y TRASERAS', '2021-01-05 17:52:30', '2021-01-05 17:52:30', NULL, 0),
(11, 'EXPLORADORAS', '2021-01-05 17:52:31', '2021-01-05 17:52:31', NULL, 0),
(12, 'VEHICULOS PESADOS', '2021-01-05 17:52:36', '2021-01-05 17:52:36', NULL, 0),
(13, 'CORNETAS Y PITOS', '2021-01-05 17:52:38', '2021-01-05 17:52:38', NULL, 0),
(14, 'ESPALDARES', '2021-01-05 17:52:40', '2021-01-05 17:52:40', NULL, 0),
(15, 'PUNTERA DE MOFLES', '2021-01-05 17:52:40', '2021-01-05 17:52:40', NULL, 0),
(16, 'PISA TAPETES', '2021-01-05 17:52:40', '2021-01-05 17:52:40', NULL, 0),
(17, 'DRL', '2021-01-05 17:52:41', '2021-01-05 17:52:41', NULL, 0),
(18, 'LAMPARAS ALTA GAMA', '2021-01-05 17:52:42', '2021-01-05 17:52:42', NULL, 0),
(19, 'BICELES', '2021-01-05 17:52:42', '2021-01-05 17:52:42', NULL, 0),
(20, 'PULPOS', '2021-01-05 17:52:42', '2021-01-05 17:52:42', NULL, 0),
(21, 'VENTILADORES 6&quot;', '2021-01-05 17:52:43', '2021-01-05 17:52:43', NULL, 0),
(22, 'CARGADORES', '2021-01-05 17:52:43', '2021-01-05 17:52:43', NULL, 0),
(23, 'BASE CELULAR', '2021-01-05 17:52:43', '2021-01-05 17:52:43', NULL, 0),
(24, 'CABLES DE CELULAR', '2021-01-05 17:52:44', '2021-01-05 17:52:44', NULL, 0),
(25, 'AURICULARES', '2021-01-05 17:52:45', '2021-01-05 17:52:45', NULL, 0),
(26, 'BLUETOOTH', '2021-01-05 17:52:45', '2021-01-05 17:52:45', NULL, 0),
(27, 'CARGADOR PAREED', '2021-01-05 17:52:46', '2021-01-05 17:52:46', NULL, 0),
(28, 'CABLE AUXILIAR', '2021-01-05 17:52:46', '2021-01-05 17:52:46', NULL, 0),
(29, 'MEMORIAS', '2021-01-05 17:52:46', '2021-01-05 17:52:46', NULL, 0),
(30, 'RETROVISOR', '2021-01-05 17:52:47', '2021-01-05 17:52:47', NULL, 0),
(31, 'LUNA ADHESIVA', '2021-01-05 17:52:48', '2021-01-05 17:52:48', NULL, 0),
(32, 'ESPEJOS 3R', '2021-01-05 17:52:48', '2021-01-05 17:52:48', NULL, 0),
(33, 'ESPEJO ANTILLUVIA', '2021-01-05 17:52:51', '2021-01-05 17:52:51', NULL, 0),
(34, 'CINTA ORAFOL', '2021-01-05 17:52:52', '2021-01-05 17:52:52', NULL, 0),
(35, 'CHINA', '2021-01-05 17:52:52', '2021-01-05 17:52:52', NULL, 0),
(36, 'BRAZOS CAMIONETAS', '2021-01-05 17:52:53', '2021-01-05 17:52:53', NULL, 0),
(37, 'EXTINTORES', '2021-01-05 17:52:53', '2021-01-05 17:52:53', NULL, 0),
(38, 'EQUIPO CARRETERA', '2021-01-05 17:52:53', '2021-01-05 17:52:53', NULL, 0),
(39, 'GATOS', '2021-01-05 17:52:54', '2021-01-05 17:52:54', NULL, 0),
(40, 'CRUCETA', '2021-01-05 17:52:55', '2021-01-05 17:52:55', NULL, 0),
(41, 'CINTURONES DE SEGURIDAD', '2021-01-05 17:52:55', '2021-01-05 17:52:55', NULL, 0),
(42, 'HERRAMIENTA', '2021-01-05 17:52:55', '2021-01-05 17:52:55', NULL, 0),
(43, 'CHALECOS', '2021-01-05 17:52:56', '2021-01-05 17:52:56', NULL, 0),
(44, 'ALCOHOL', '2021-01-05 17:52:56', '2021-01-05 17:52:56', NULL, 0),
(45, 'CAMARAS', '2021-01-05 17:52:57', '2021-01-05 17:52:57', NULL, 0),
(46, 'SENSORES', '2021-01-05 17:52:57', '2021-01-05 17:52:57', NULL, 0),
(47, 'TAPABOCAS', '2021-01-05 17:52:57', '2021-01-05 17:52:57', NULL, 0),
(48, 'METALICA', '2021-01-05 17:52:57', '2021-01-05 17:52:57', NULL, 0),
(49, 'AERODINAMICA', '2021-01-05 17:52:58', '2021-01-05 17:52:58', NULL, 0),
(50, 'POLARIZADO', '2021-01-05 17:52:59', '2021-01-05 17:52:59', NULL, 0),
(51, 'ANTENAS', '2021-01-05 17:52:59', '2021-01-05 17:52:59', NULL, 0),
(52, 'SUICHES', '2021-01-05 17:53:03', '2021-01-05 17:53:03', NULL, 0),
(53, 'CABLE DE INICIAR', '2021-01-05 17:53:04', '2021-01-05 17:53:04', NULL, 0),
(54, 'CONVERTIDOR', '2021-01-05 17:53:04', '2021-01-05 17:53:04', NULL, 0),
(55, 'EXHIBIDOR', '2021-01-05 17:53:04', '2021-01-05 17:53:04', NULL, 0),
(56, 'Familia', '2021-01-05 19:19:08', '2021-01-05 17:52:03', '2021-01-05 19:19:08', 1),
(57, 'Familia', '2021-01-05 19:13:29', NULL, '2021-01-05 19:13:29', 1),
(59, 'testings', '2021-01-17 16:25:53', '2021-01-17 16:23:15', '2021-01-17 16:25:53', 1);

-- --------------------------------------------------------

--
-- Estructura de tabla para la tabla `providers`
--

CREATE TABLE `providers` (
  `idProvider` int(11) NOT NULL,
  `idNum` varchar(100) NOT NULL,
  `name` varchar(150) DEFAULT NULL,
  `phone` varchar(45) NOT NULL,
  `address` varchar(255) NOT NULL,
  `email` varchar(150) NOT NULL,
  `updated_at` datetime DEFAULT NULL,
  `created_at` datetime DEFAULT NULL,
  `deleted_at` datetime DEFAULT NULL,
  `deleted` tinyint(4) DEFAULT 0
) ENGINE=InnoDB DEFAULT CHARSET=utf8;

--
-- Volcado de datos para la tabla `providers`
--

INSERT INTO `providers` (`idProvider`, `idNum`, `name`, `phone`, `address`, `email`, `updated_at`, `created_at`, `deleted_at`, `deleted`) VALUES
(1, '621523856', 'Juanchitos', '2235654', 'Calle 25 #27-92', 'juanhchito@mail.com', '2021-01-03 21:03:27', '2021-01-03 21:02:40', NULL, 0),
(2, '', 'CRISTINA', '', '', '', '2021-01-04 18:35:48', '2021-01-04 18:35:48', NULL, 0),
(3, '', 'DAGAZ', '', '', '', '2021-01-04 18:35:48', '2021-01-04 18:35:48', NULL, 0),
(4, '', 'ZIPAQUIRA', '', '', '', '2021-01-04 18:35:48', '2021-01-04 18:35:48', NULL, 0),
(5, '', 'DUMAR', '', '', '', '2021-01-04 18:35:49', '2021-01-04 18:35:49', NULL, 0),
(6, '', 'ACT', '', '', '', '2021-01-04 18:35:49', '2021-01-04 18:35:49', NULL, 0),
(7, '', 'PLAZA', '', '', '', '2021-01-04 18:35:49', '2021-01-04 18:35:49', NULL, 0),
(8, '', 'LUJOS RAMIREZ', '', '', '', '2021-01-04 18:35:49', '2021-01-04 18:35:49', NULL, 0),
(9, '1007655-1', 'EXTIPLAST', '', '560 5708', '', '2021-01-04 18:35:49', '2021-01-04 18:35:49', NULL, 0),
(10, '', 'ORAFOL', '', '', '', '2021-01-04 18:35:49', '2021-01-04 18:35:49', NULL, 0),
(11, '', 'GPS', '', '', '', '2021-01-04 18:35:49', '2021-01-04 18:35:49', NULL, 0);

-- --------------------------------------------------------

--
-- Estructura de tabla para la tabla `roles`
--

CREATE TABLE `roles` (
  `idRoles` int(11) NOT NULL,
  `name` varchar(100) DEFAULT NULL,
  `description` varchar(100) NOT NULL,
  `updated_at` datetime DEFAULT NULL,
  `created_at` datetime DEFAULT NULL,
  `deleted_at` datetime DEFAULT NULL,
  `deleted` tinyint(4) DEFAULT 0
) ENGINE=InnoDB DEFAULT CHARSET=utf8;

--
-- Volcado de datos para la tabla `roles`
--

INSERT INTO `roles` (`idRoles`, `name`, `description`, `updated_at`, `created_at`, `deleted_at`, `deleted`) VALUES
(1, 'superadmin', 'Super Admin', '2020-12-31 16:48:00', '2020-12-31 16:48:00', '2020-12-31 16:48:00', 0),
(2, 'admin', 'Admin', '2020-12-31 16:48:00', '2020-12-31 16:48:00', '2020-12-31 16:48:00', 0),
(3, 'vendor', 'Vendedor', '2020-12-31 16:48:00', '2020-12-31 16:48:00', '2020-12-31 16:48:00', 0),
(4, 'storer', 'Almacenista', '2021-02-03 00:00:00', '2021-02-03 00:00:00', '2021-02-03 00:00:00', 0);

-- --------------------------------------------------------

--
-- Estructura de tabla para la tabla `stores`
--

CREATE TABLE `stores` (
  `idStore` int(11) NOT NULL,
  `name` varchar(45) DEFAULT NULL,
  `updated_at` datetime DEFAULT NULL,
  `created_at` datetime DEFAULT NULL,
  `deleted_at` datetime DEFAULT NULL,
  `deleted` tinyint(4) DEFAULT 0
) ENGINE=InnoDB DEFAULT CHARSET=utf8;

--
-- Volcado de datos para la tabla `stores`
--

INSERT INTO `stores` (`idStore`, `name`, `updated_at`, `created_at`, `deleted_at`, `deleted`) VALUES
(1, 'Medellín', '2021-01-03 15:47:01', '2021-01-03 15:41:27', NULL, 0),
(2, 'Medellín Garantías', '2021-01-06 19:39:38', '2021-01-03 15:41:57', '2021-01-06 19:39:38', 0),
(3, 'Bogotá', '2021-01-03 15:42:08', '2021-01-03 15:42:08', NULL, 0),
(4, 'Bogotá Garantías', '2021-01-03 15:42:19', '2021-01-03 15:42:19', NULL, 0),
(5, 'Cali', '2021-01-03 15:42:27', '2021-01-03 15:42:27', NULL, 0),
(6, 'Cali Garantías', '2021-01-03 19:54:30', '2021-01-03 15:42:31', '2021-01-03 19:54:30', 0);

-- --------------------------------------------------------

--
-- Estructura de tabla para la tabla `transfers`
--

CREATE TABLE `transfers` (
  `idTransfer` int(11) NOT NULL,
  `userId` varchar(100) DEFAULT NULL,
  `originId` int(11) DEFAULT NULL,
  `destinationId` int(11) DEFAULT NULL,
  `comments` text DEFAULT NULL,
  `date` datetime DEFAULT NULL,
  `updated_at` datetime DEFAULT NULL,
  `created_at` datetime DEFAULT NULL,
  `deleted_at` datetime DEFAULT NULL,
  `deleted` tinyint(4) DEFAULT 0
) ENGINE=InnoDB DEFAULT CHARSET=utf8;

-- --------------------------------------------------------

--
-- Estructura de tabla para la tabla `transfer_details`
--

CREATE TABLE `transfer_details` (
  `idTransfer` int(11) NOT NULL,
  `idProduct` varchar(50) NOT NULL,
  `quantity` int(11) DEFAULT NULL
) ENGINE=InnoDB DEFAULT CHARSET=utf8;

-- --------------------------------------------------------

--
-- Estructura de tabla para la tabla `users`
--

CREATE TABLE `users` (
  `idUser` varchar(100) NOT NULL,
  `name` varchar(255) DEFAULT NULL,
  `password` varchar(100) DEFAULT NULL,
  `phone` varchar(45) DEFAULT NULL,
  `address` varchar(255) DEFAULT NULL,
  `email` varchar(150) DEFAULT NULL,
  `picture_url` varchar(255) DEFAULT 'users/general_1.png',
  `role` int(11) DEFAULT NULL,
  `store` int(11) DEFAULT NULL,
  `updated_at` datetime DEFAULT NULL,
  `created_at` datetime DEFAULT NULL,
  `deleted_at` datetime DEFAULT NULL,
  `deleted` tinyint(1) DEFAULT 0
) ENGINE=InnoDB DEFAULT CHARSET=utf8;

--
-- Volcado de datos para la tabla `users`
--

INSERT INTO `users` (`idUser`, `name`, `password`, `phone`, `address`, `email`, `picture_url`, `role`, `store`, `updated_at`, `created_at`, `deleted_at`, `deleted`) VALUES
('00000', 'Administrador', '$2y$10$LPYC5C5M3BkTrdexdL88UeqP88hQMEkTXkZgSDIjoqHTBHZ0Dhdvu', NULL, NULL, '', 'users/general_1.png', 1, 1, NULL, NULL, NULL, 0),
('1', 'JULIAN ALZATE', '$2y$10$MDJgRQBQsmKRnkfEg6eZLucprlkpiQxJZO4ZJ/Vf3wDhfQoMPTNXW', '', '', '', 'users/general_1.png', 3, 1, '2021-01-04 18:19:45', '2021-01-04 18:19:45', NULL, 0),
('10', 'SERGIO ZAPATA', '$2y$10$vaRrdOkKzReJM7RblRZRLu7qK9APw7mA6EhKX90JKxwB2ph2ISpta', '', '', '', 'users/general_1.png', 3, 1, '2021-01-04 18:19:47', '2021-01-04 18:19:47', NULL, 0),
('1017163645', 'Camila González', '$2y$10$XxN5DIYSdSbL7WHu9Xw7nO1Z487/bUuIIxwirfynNx9AGipTLWtMG', '+573002781365', 'Calle 48 #38-50 Apto 1301', 'cami@mail.com', 'users/general_1.png', 4, 1, '2021-01-03 16:29:11', '2021-01-03 16:26:10', NULL, 0),
('1020395413', 'Cristian Garcia A', '$2y$10$Njic5TlBYlDFf4qMxTRtwupQqtjmnPGiJ7MEHrrPU99ASOFOGbSv2', '3002781365', 'Calle 48 #38-50 Apto 1301', '', 'users/general_1.png', 1, 1, '2021-01-02 17:13:31', '2021-01-02 17:13:31', NULL, 0),
('1033188152', 'Isabella Garcia', '$2y$10$JqsSc1eFXMGwvKjgddTDi.DquW1op9wqYqeOI9rDj5AaO20d0ZR1q', '123456789', 'Calle 48 #38-50 Apto 1301', '', 'users/Is1033188152.jpg', 2, 1, '2021-01-03 19:50:29', '2021-01-03 18:19:24', '2021-01-03 19:50:29', 0),
('11', 'FABIO LOAIZA BOGOTA', '$2y$10$3AXerXGbLFbi.zw66B.1Xer3ta13NMcaaxote1sl5CpXW2idI6a6.', '', '', '', 'users/general_1.png', 3, 1, '2021-01-04 18:19:47', '2021-01-04 18:19:47', NULL, 0),
('12', 'OBED', '$2y$10$GCNn0wizFRHCK6IddVQnIeklzNfuc2avkPtJzd9bzeu8qE2LRZHRO', '', '', '', 'users/general_1.png', 3, 1, '2021-01-04 18:19:47', '2021-01-04 18:19:47', NULL, 0),
('12345679', 'Pruebancio Pérecito', '$2y$10$ZIssT7WdUy8FunqSpdQOROjNRRPlM37ethKQMh9brG3Eem5PY36KS', '2235654', 'Casita Bonitas', 'pruebas@mail.com', 'users/general_1.png', 2, 1, '2021-01-03 19:54:05', '2021-01-02 17:16:45', '2021-01-03 19:54:05', 1),
('13', 'GERARDO', '$2y$10$/4jQ1WrCIjEbFJb7x8wOXOVzfjbPXcz3.CwqS5ekGq7Y1JEPMANgq', '', '', '', 'users/general_1.png', 3, 1, '2021-01-04 18:19:47', '2021-01-04 18:19:47', NULL, 0),
('14', 'LORENNY LUNA', '$2y$10$xva94YKrWuFo7qJECLOnkO9NY/QMBdvxvvzDlJkZi3ORxEHoP.ap.', '', '', '', 'users/general_1.png', 3, 1, '2021-01-04 18:19:47', '2021-01-04 18:19:47', NULL, 0),
('15', 'LUIS', '$2y$10$7WiUumVoZoYdwZ6Y3n595uCHb7sE9suydexid1dwOs6sop2OU05Tu', '', '', '', 'users/general_1.png', 3, 1, '2021-01-04 18:19:47', '2021-01-04 18:19:47', NULL, 0),
('16', 'ESTEBAN SANCHEZ', '$2y$10$XoWWd3CaqxEQP0XO/qXxO.Uwl9o1idaove/5a7Ayri0bBvmH.9RKe', '', 'MEDELLIN', '', 'users/general_1.png', 3, 1, '2021-01-04 18:19:47', '2021-01-04 18:19:47', NULL, 0),
('17', 'DAIANA LABRADA GIL', '$2y$10$1KVmNJHuq.IqZV.zCke/XulBDHqQGGDSQFKfok1I/w4ySmmB0W/oG', '', '', '', 'users/general_1.png', 3, 1, '2021-01-04 18:19:48', '2021-01-04 18:19:48', NULL, 0),
('2', 'ANDRES FELIPE GIRALDO KILO', '$2y$10$gwKKYBHmZnqYH9B6fyEX/eJLl5Brqqhs4QIQXPa9iX4AwlkFLjUcq', '', 'BUCARAMANGA', '', 'users/general_1.png', 3, 1, '2021-01-04 18:19:46', '2021-01-04 18:19:46', NULL, 0),
('22222', 'Brenda Yulieth Gomez Caicedo', '$2y$10$2rY.TFwAziOfU2VHsGMz/.i1P81CO4wc8LCxvevcJ4uN09oYJov0.', '22222', 'Dirección', '', 'users/general_1.png', 3, 1, '2021-01-25 19:05:13', '2021-01-25 19:05:13', NULL, 0),
('2258965', 'Prueberto Velez', '$2y$10$JhNZMVF7Yu4qETr4tz4EguLqEOY5DqHYmr64SutQXBgVnrq.sEzTO', '3002781365', 'Casita Bonitas', '', 'users/Ad00000.jpg', 3, 1, '2021-01-03 19:46:27', '2021-01-03 17:50:05', '2021-01-03 19:46:27', 0),
('3', 'DIEGO ALEJANDRO CHUZUDO', '$2y$10$lTCS2Z.05ay6lW.yPp/1AeRBbhZqYXUlOi7XIvq1Pu7GHnEJKTq9O', '', 'CABAÑAS BELLO', '', 'users/general_1.png', 3, 1, '2021-01-04 18:19:46', '2021-01-04 18:19:46', NULL, 0),
('3216549877', 'Probando Compe', '$2y$10$vtle3kkza9/Ew9.Jot4BSunioKzGIO/JsB.Uliw/bcp2QaykI2P9y', '123456789', 'Calle 55 #25-95', '', 'users/Pr3216549877.jpg', 3, 1, '2021-01-03 19:45:31', '2021-01-03 17:40:21', '2021-01-03 19:45:31', 0),
('4', 'MARVIN VELAZCO', '$2y$10$FI6kh0UHFqq0VnzuubgIMecaVo/J.iwp0Z6GJM/s0GjUAJHUlT9PK', '', 'BOGOTA', '', 'users/general_1.png', 3, 3, '2021-01-04 18:19:46', '2021-01-04 18:19:46', NULL, 0),
('5', 'JULIAN ALZATE-MARVIN', '$2y$10$LGoEce5Pv.gD6uRsyjNn2OVDq6SE9cgqKWY6UHPamyK/c7tgH5ffe', '', '', '', 'users/general_1.png', 3, 3, '2021-01-04 18:19:46', '2021-01-04 18:19:46', NULL, 0),
('6', 'DAVID ALZATE', '$2y$10$ASb9meP20xzPJ6/Oe6JdS.CgOmfd/yjTwR6LK5yoKkmCHZrOAmU6q', '', 'CABAÑAS', '', 'users/general_1.png', 3, 1, '2021-01-04 18:19:46', '2021-01-04 18:19:46', NULL, 0),
('7', 'FABIO LOAIZA', '$2y$10$jXBOR2ghcbHtEuDFwCjbg.RIcHvjZ5VGnBPQoZ8DKbUQwGQTbmx9S', '', '', '', 'users/general_1.png', 3, 1, '2021-01-04 18:19:46', '2021-01-04 18:19:46', NULL, 0),
('8', 'ROBERTO GIRALDO', '$2y$10$Nv6PnAWaHWfL9juf0UUFGOKzkqulRbgF0gUl42MCGTdBPXZcoLC52', '', '', '', 'users/general_1.png', 3, 1, '2021-01-04 18:19:47', '2021-01-04 18:19:47', NULL, 0),
('9', 'EDISON GARCIA', '$2y$10$UvKJL/OAfFoDISzqVfV.yODNqTFmmAzusTMxh4pb22jAoO7J/aIXC', '', '', '', 'users/general_1.png', 3, 1, '2021-01-04 18:19:47', '2021-01-04 18:19:47', NULL, 0),
('996632554', 'Pruebita Velez', '$2y$10$G6Im1MSGl9IINZ8kCSMjj.V2g5qqVk69Y.Xdp9ffLMhKtKqMVa5Cq', '123456789', 'Mi casa', '', 'users/general_1.png', 3, 1, '2021-01-03 18:30:53', '2021-01-03 17:50:37', '2021-01-03 18:30:53', 0);

-- --------------------------------------------------------

--
-- Estructura de tabla para la tabla `vouchers`
--

CREATE TABLE `vouchers` (
  `idVoucher` int(11) NOT NULL,
  `userId` varchar(100) DEFAULT NULL,
  `value` bigint(20) DEFAULT NULL,
  `paymentMethod` int(11) DEFAULT NULL,
  `description` varchar(255) DEFAULT NULL,
  `state` int(11) DEFAULT NULL,
  `date` datetime NOT NULL,
  `updated_at` datetime DEFAULT NULL,
  `created_at` datetime DEFAULT NULL,
  `deleted_at` datetime DEFAULT NULL,
  `deleted` tinyint(4) DEFAULT 0
) ENGINE=InnoDB DEFAULT CHARSET=utf8;

--
-- Volcado de datos para la tabla `vouchers`
--

INSERT INTO `vouchers` (`idVoucher`, `userId`, `value`, `paymentMethod`, `description`, `state`, `date`, `updated_at`, `created_at`, `deleted_at`, `deleted`) VALUES
(1, '1017163645', 55000, 2, 'Para transporte y comida', 2, '2021-01-19 00:00:00', '2021-02-03 18:51:18', '2021-01-23 14:42:54', '2021-01-23 14:53:27', 0),
(2, '1017163645', 85400, 1, 'Cositas', 2, '2021-01-27 19:26:50', '2021-01-28 19:00:51', '2021-01-27 19:26:50', NULL, 0);

--
-- Índices para tablas volcadas
--

--
-- Indices de la tabla `budgets`
--
ALTER TABLE `budgets`
  ADD PRIMARY KEY (`idBudget`),
  ADD KEY `fk_budget_vendor` (`vendorId`),
  ADD KEY `fk_budget_store` (`storeId`),
  ADD KEY `fk_budget_client` (`clientId`);

--
-- Indices de la tabla `budget_detail`
--
ALTER TABLE `budget_detail`
  ADD KEY `fk_budgetDetail_budget` (`budgetId`),
  ADD KEY `fk_budgetDetail_product` (`productId`);

--
-- Indices de la tabla `clients`
--
ALTER TABLE `clients`
  ADD PRIMARY KEY (`idClient`),
  ADD KEY `fk_client_vendor` (`vendor`);

--
-- Indices de la tabla `expenses`
--
ALTER TABLE `expenses`
  ADD PRIMARY KEY (`idExpense`);

--
-- Indices de la tabla `inventory`
--
ALTER TABLE `inventory`
  ADD KEY `fk_inventory_store` (`idStore`),
  ADD KEY `fk_inventory_product` (`idProduct`);

--
-- Indices de la tabla `invoices`
--
ALTER TABLE `invoices`
  ADD PRIMARY KEY (`idInvoice`),
  ADD KEY `fk_invoice_vendor` (`vendorId`),
  ADD KEY `fk_invoice_store` (`storeId`),
  ADD KEY `fk_invoice_client` (`clientId`),
  ADD KEY `fk_invoice_budget` (`budgetId`);

--
-- Indices de la tabla `invoice_details`
--
ALTER TABLE `invoice_details`
  ADD KEY `fk_invoiceDetail_invoice` (`invoiceId`),
  ADD KEY `fk_invoiceDetail_product` (`productId`);

--
-- Indices de la tabla `paymentmethods`
--
ALTER TABLE `paymentmethods`
  ADD PRIMARY KEY (`idMethod`);

--
-- Indices de la tabla `payments`
--
ALTER TABLE `payments`
  ADD PRIMARY KEY (`idPayment`),
  ADD KEY `fk_payment_vendor` (`vendorId`),
  ADD KEY `fk_payment_invoice` (`invoiceId`),
  ADD KEY `fk_payment_client` (`clientId`),
  ADD KEY `fk_payment_method` (`paymentMethod`);

--
-- Indices de la tabla `products`
--
ALTER TABLE `products`
  ADD PRIMARY KEY (`idProduct`),
  ADD KEY `fk_product_family` (`family`),
  ADD KEY `fk_product_provider` (`provider`);

--
-- Indices de la tabla `product_families`
--
ALTER TABLE `product_families`
  ADD PRIMARY KEY (`idFamily`);

--
-- Indices de la tabla `providers`
--
ALTER TABLE `providers`
  ADD PRIMARY KEY (`idProvider`);

--
-- Indices de la tabla `roles`
--
ALTER TABLE `roles`
  ADD PRIMARY KEY (`idRoles`);

--
-- Indices de la tabla `stores`
--
ALTER TABLE `stores`
  ADD PRIMARY KEY (`idStore`);

--
-- Indices de la tabla `transfers`
--
ALTER TABLE `transfers`
  ADD PRIMARY KEY (`idTransfer`),
  ADD KEY `fk_transfer_user` (`userId`),
  ADD KEY `fk_transfer_origin` (`originId`),
  ADD KEY `fk_transfer_destination` (`destinationId`);

--
-- Indices de la tabla `transfer_details`
--
ALTER TABLE `transfer_details`
  ADD KEY `fk_details_transfer` (`idTransfer`),
  ADD KEY `fk_details_product` (`idProduct`);

--
-- Indices de la tabla `users`
--
ALTER TABLE `users`
  ADD PRIMARY KEY (`idUser`),
  ADD KEY `fk_user_store` (`store`),
  ADD KEY `fk_user_role` (`role`);

--
-- Indices de la tabla `vouchers`
--
ALTER TABLE `vouchers`
  ADD PRIMARY KEY (`idVoucher`),
  ADD KEY `fk_voucher_user` (`userId`),
  ADD KEY `fk_voucher_method` (`paymentMethod`);

--
-- AUTO_INCREMENT de las tablas volcadas
--

--
-- AUTO_INCREMENT de la tabla `budgets`
--
ALTER TABLE `budgets`
  MODIFY `idBudget` int(11) NOT NULL AUTO_INCREMENT, AUTO_INCREMENT=11;

--
-- AUTO_INCREMENT de la tabla `clients`
--
ALTER TABLE `clients`
  MODIFY `idClient` int(11) NOT NULL AUTO_INCREMENT, AUTO_INCREMENT=717;

--
-- AUTO_INCREMENT de la tabla `expenses`
--
ALTER TABLE `expenses`
  MODIFY `idExpense` int(11) NOT NULL AUTO_INCREMENT, AUTO_INCREMENT=2;

--
-- AUTO_INCREMENT de la tabla `invoices`
--
ALTER TABLE `invoices`
  MODIFY `idInvoice` int(11) NOT NULL AUTO_INCREMENT, AUTO_INCREMENT=8;

--
-- AUTO_INCREMENT de la tabla `paymentmethods`
--
ALTER TABLE `paymentmethods`
  MODIFY `idMethod` int(11) NOT NULL AUTO_INCREMENT, AUTO_INCREMENT=5;

--
-- AUTO_INCREMENT de la tabla `payments`
--
ALTER TABLE `payments`
  MODIFY `idPayment` int(11) NOT NULL AUTO_INCREMENT, AUTO_INCREMENT=7;

--
-- AUTO_INCREMENT de la tabla `product_families`
--
ALTER TABLE `product_families`
  MODIFY `idFamily` int(11) NOT NULL AUTO_INCREMENT, AUTO_INCREMENT=60;

--
-- AUTO_INCREMENT de la tabla `providers`
--
ALTER TABLE `providers`
  MODIFY `idProvider` int(11) NOT NULL AUTO_INCREMENT, AUTO_INCREMENT=12;

--
-- AUTO_INCREMENT de la tabla `roles`
--
ALTER TABLE `roles`
  MODIFY `idRoles` int(11) NOT NULL AUTO_INCREMENT, AUTO_INCREMENT=5;

--
-- AUTO_INCREMENT de la tabla `stores`
--
ALTER TABLE `stores`
  MODIFY `idStore` int(11) NOT NULL AUTO_INCREMENT, AUTO_INCREMENT=7;

--
-- AUTO_INCREMENT de la tabla `transfers`
--
ALTER TABLE `transfers`
  MODIFY `idTransfer` int(11) NOT NULL AUTO_INCREMENT;

--
-- AUTO_INCREMENT de la tabla `vouchers`
--
ALTER TABLE `vouchers`
  MODIFY `idVoucher` int(11) NOT NULL AUTO_INCREMENT, AUTO_INCREMENT=3;

--
-- Restricciones para tablas volcadas
--

--
-- Filtros para la tabla `budgets`
--
ALTER TABLE `budgets`
  ADD CONSTRAINT `fk_budget_client` FOREIGN KEY (`clientId`) REFERENCES `clients` (`idClient`) ON DELETE CASCADE ON UPDATE CASCADE,
  ADD CONSTRAINT `fk_budget_store` FOREIGN KEY (`storeId`) REFERENCES `stores` (`idStore`) ON DELETE CASCADE ON UPDATE CASCADE,
  ADD CONSTRAINT `fk_budget_vendor` FOREIGN KEY (`vendorId`) REFERENCES `users` (`idUser`) ON DELETE CASCADE ON UPDATE CASCADE;

--
-- Filtros para la tabla `budget_detail`
--
ALTER TABLE `budget_detail`
  ADD CONSTRAINT `fk_budgetDetail_budget` FOREIGN KEY (`budgetId`) REFERENCES `budgets` (`idBudget`) ON DELETE CASCADE ON UPDATE CASCADE,
  ADD CONSTRAINT `fk_budgetDetail_product` FOREIGN KEY (`productId`) REFERENCES `products` (`idProduct`) ON DELETE CASCADE ON UPDATE CASCADE;

--
-- Filtros para la tabla `clients`
--
ALTER TABLE `clients`
  ADD CONSTRAINT `fk_client_vendor` FOREIGN KEY (`vendor`) REFERENCES `users` (`idUser`) ON DELETE CASCADE ON UPDATE CASCADE;

--
-- Filtros para la tabla `inventory`
--
ALTER TABLE `inventory`
  ADD CONSTRAINT `fk_inventory_product` FOREIGN KEY (`idProduct`) REFERENCES `products` (`idProduct`) ON DELETE CASCADE ON UPDATE CASCADE,
  ADD CONSTRAINT `fk_inventory_store` FOREIGN KEY (`idStore`) REFERENCES `stores` (`idStore`) ON DELETE CASCADE ON UPDATE CASCADE;

--
-- Filtros para la tabla `invoices`
--
ALTER TABLE `invoices`
  ADD CONSTRAINT `fk_invoice_budget` FOREIGN KEY (`budgetId`) REFERENCES `budgets` (`idBudget`) ON DELETE CASCADE ON UPDATE CASCADE,
  ADD CONSTRAINT `fk_invoice_client` FOREIGN KEY (`clientId`) REFERENCES `clients` (`idClient`) ON DELETE CASCADE ON UPDATE CASCADE,
  ADD CONSTRAINT `fk_invoice_store` FOREIGN KEY (`storeId`) REFERENCES `stores` (`idStore`) ON DELETE CASCADE ON UPDATE CASCADE,
  ADD CONSTRAINT `fk_invoice_vendor` FOREIGN KEY (`vendorId`) REFERENCES `users` (`idUser`) ON DELETE CASCADE ON UPDATE CASCADE;

--
-- Filtros para la tabla `invoice_details`
--
ALTER TABLE `invoice_details`
  ADD CONSTRAINT `fk_invoiceDetail_invoice` FOREIGN KEY (`invoiceId`) REFERENCES `invoices` (`idInvoice`) ON DELETE CASCADE ON UPDATE CASCADE,
  ADD CONSTRAINT `fk_invoiceDetail_product` FOREIGN KEY (`productId`) REFERENCES `products` (`idProduct`) ON DELETE CASCADE ON UPDATE CASCADE;

--
-- Filtros para la tabla `payments`
--
ALTER TABLE `payments`
  ADD CONSTRAINT `fk_payment_client` FOREIGN KEY (`clientId`) REFERENCES `clients` (`idClient`) ON DELETE CASCADE ON UPDATE CASCADE,
  ADD CONSTRAINT `fk_payment_invoice` FOREIGN KEY (`invoiceId`) REFERENCES `invoices` (`idInvoice`) ON DELETE CASCADE ON UPDATE CASCADE,
  ADD CONSTRAINT `fk_payment_method` FOREIGN KEY (`paymentMethod`) REFERENCES `paymentmethods` (`idMethod`) ON DELETE CASCADE ON UPDATE CASCADE,
  ADD CONSTRAINT `fk_payment_vendor` FOREIGN KEY (`vendorId`) REFERENCES `users` (`idUser`) ON DELETE CASCADE ON UPDATE CASCADE;

--
-- Filtros para la tabla `products`
--
ALTER TABLE `products`
  ADD CONSTRAINT `fk_product_family` FOREIGN KEY (`family`) REFERENCES `product_families` (`idFamily`) ON DELETE CASCADE ON UPDATE CASCADE,
  ADD CONSTRAINT `fk_product_provider` FOREIGN KEY (`provider`) REFERENCES `providers` (`idProvider`) ON DELETE CASCADE ON UPDATE CASCADE;

--
-- Filtros para la tabla `transfers`
--
ALTER TABLE `transfers`
  ADD CONSTRAINT `fk_transfer_destination` FOREIGN KEY (`destinationId`) REFERENCES `stores` (`idStore`) ON DELETE CASCADE ON UPDATE CASCADE,
  ADD CONSTRAINT `fk_transfer_origin` FOREIGN KEY (`originId`) REFERENCES `stores` (`idStore`) ON DELETE CASCADE ON UPDATE CASCADE,
  ADD CONSTRAINT `fk_transfer_user` FOREIGN KEY (`userId`) REFERENCES `users` (`idUser`) ON DELETE CASCADE ON UPDATE CASCADE;

--
-- Filtros para la tabla `transfer_details`
--
ALTER TABLE `transfer_details`
  ADD CONSTRAINT `fk_details_product` FOREIGN KEY (`idProduct`) REFERENCES `products` (`idProduct`) ON DELETE CASCADE ON UPDATE CASCADE,
  ADD CONSTRAINT `fk_details_transfer` FOREIGN KEY (`idTransfer`) REFERENCES `transfers` (`idTransfer`) ON DELETE CASCADE ON UPDATE CASCADE;

--
-- Filtros para la tabla `users`
--
ALTER TABLE `users`
  ADD CONSTRAINT `fk_user_role` FOREIGN KEY (`role`) REFERENCES `roles` (`idRoles`) ON DELETE CASCADE ON UPDATE CASCADE,
  ADD CONSTRAINT `fk_user_store` FOREIGN KEY (`store`) REFERENCES `stores` (`idStore`) ON DELETE CASCADE ON UPDATE CASCADE;

--
-- Filtros para la tabla `vouchers`
--
ALTER TABLE `vouchers`
  ADD CONSTRAINT `fk_voucher_method` FOREIGN KEY (`paymentMethod`) REFERENCES `paymentmethods` (`idMethod`) ON DELETE CASCADE ON UPDATE CASCADE,
  ADD CONSTRAINT `fk_voucher_user` FOREIGN KEY (`userId`) REFERENCES `users` (`idUser`) ON DELETE CASCADE ON UPDATE CASCADE;
COMMIT;

/*!40101 SET CHARACTER_SET_CLIENT=@OLD_CHARACTER_SET_CLIENT */;
/*!40101 SET CHARACTER_SET_RESULTS=@OLD_CHARACTER_SET_RESULTS */;
/*!40101 SET COLLATION_CONNECTION=@OLD_COLLATION_CONNECTION */;
